id,time,color_1,color_2,color_3,color_4,color_5
0,0:00:00,#040404,#080404,#080404,#080404,#080404
1,0:00:05,#e1eeed,#80cee9,#148ccb,#144661,#05213f
10,0:00:50,#373131,#c9a080,#759f51,#93919b,#b03b43
100,0:08:20,#bb7362,#835e41,#998e84,#3a321f,#7ea666
1000,1:23:20,#927474,#744443,#321a19,#b59483,#927c58
1001,1:23:25,#271615,#6e4434,#b5745a,#c2a16f,#9e878c
1002,1:23:30,#956957,#3d302a,#cba08a,#8e948c,#63a486
1003,1:23:35,#996f56,#c9a484,#4b4639,#9c9d99,#9cbaae
1004,1:23:40,#9c7a6a,#cea48c,#a69b94,#3e3327,#aba694
1005,1:23:45,#de6660,#8d5149,#ceb18b,#363640,#a29cb4
1006,1:23:50,#cf9883,#956652,#3e3e3a,#8aa391,#929494
1007,1:23:55,#816954,#dca979,#baa47e,#202530,#9b97b7
1008,1:24:00,#918684,#c9a088,#8f7360,#a2967f,#32312e
1009,1:24:05,#443837,#94715e,#c99e84,#86a185,#a28c94
101,0:08:25,#ba7969,#825c40,#99948c,#39321f,#7ea666
1010,1:24:10,#443837,#94715e,#c99e83,#86a185,#9a9094
1011,1:24:15,#332928,#886951,#cc9f6d,#9ba0ae,#968fb0
1012,1:24:20,#322828,#886952,#cca272,#96b87b,#968fae
1013,1:24:25,#945a4a,#d0967c,#2d2922,#65a383,#998f9c
1014,1:24:30,#934c3f,#e1ba96,#db8da1,#30171b,#d65359
1015,1:24:35,#a64e41,#d28e71,#9fa280,#8b918d,#4c3234
1016,1:24:40,#948484,#723532,#d38b7b,#2b1f1a,#938c7c
1017,1:24:45,#997b72,#cea696,#3e3631,#7fa690,#a19b9c
1018,1:24:50,#473a37,#caa498,#a07a6e,#ab9a94,#aba99f
1019,1:24:55,#241d1b,#151210,#37332f,#2b2c26,#272324
102,0:08:30,#47221d,#bc8f7d,#89523b,#949169,#8d8c99
1020,1:25:00,#7c736b,#191a19,#818883,#73747c,#4e494b
1021,1:25:05,#3c1e18,#444140,#5a3021,#161215,#3c3234
1022,1:25:10,#2e1817,#411e1c,#231c18,#1c1424,#161213
1023,1:25:15,#b9c6b2,#2f493a,#8bd1b9,#4f8d82,#8bc2c5
1024,1:25:20,#877f7b,#6b7073,#5e6167,#4d4549,#171114
1025,1:25:25,#201717,#766964,#81827e,#525456,#65696d
1026,1:25:30,#565454,#5a5d55,#573b44,#68484f,#211819
1027,1:25:35,#6c2720,#261917,#c56039,#66625f,#73746e
1028,1:25:40,#8c7c7c,#301c17,#c0a29a,#6e4430,#8c8479
1029,1:25:45,#43281e,#875030,#d3b394,#86a995,#918d8e
103,0:08:35,#47211c,#8a5b44,#bf9c85,#999e85,#8c8b99
1030,1:25:50,#77382a,#94573b,#332b23,#e1d9cb,#9ea59c
1031,1:25:55,#93544b,#d8b0a1,#3f2b22,#97a99d,#949394
1032,1:26:00,#302322,#79382d,#bb5435,#787645,#684568
1033,1:26:05,#412a24,#825238,#ceb9ab,#6fac8e,#948a8d
1034,1:26:10,#b86a5d,#7b493d,#362723,#938c7d,#917f85
1035,1:26:15,#7c3430,#cca495,#3c271d,#8f522d,#757e70
1036,1:26:20,#5b5454,#1e1716,#4e3028,#826f63,#5c5c50
1037,1:26:25,#c55f5a,#835335,#30271f,#c2b09c,#99393e
1038,1:26:30,#7f5446,#c56f53,#302521,#918d88,#918186
1039,1:26:35,#9c5f46,#deb4a2,#442f26,#98918d,#93ab9c
104,0:08:40,#713021,#241612,#a55239,#866e3c,#565e64
1040,1:26:40,#813737,#b88a7a,#392720,#a3653a,#e2dbcc
1041,1:26:45,#4c2d22,#8f5d4a,#dabfb0,#80aa92,#8b888c
1042,1:26:50,#342522,#785744,#c28b5e,#928d77,#928284
1043,1:26:55,#df6660,#765242,#33281d,#d0ceba,#a5aaa4
1044,1:27:00,#695149,#1a1412,#45281a,#804325,#4e4246
1045,1:27:05,#171212,#a36d4c,#4e301c,#886442,#65565b
1046,1:27:10,#6c605c,#966044,#3f2619,#c98d61,#99755a
1047,1:27:15,#dd8a76,#46291e,#9c8c84,#a5a393,#a04143
1048,1:27:20,#c75c59,#8d4743,#40291a,#d3b69a,#9c948c
1049,1:27:25,#908484,#823831,#b67565,#35221a,#9a9587
105,0:08:45,#48211d,#8a5840,#be987f,#8e8f92,#867f85
1050,1:27:30,#3c201a,#c78c74,#958b84,#a3a093,#9c3d40
1051,1:27:35,#8d7164,#41281b,#835f49,#b48a6e,#997f68
1052,1:27:40,#2f1f1e,#72423d,#bb825e,#8e8c76,#8d7e88
1053,1:27:45,#cf7567,#874e3f,#3f2d25,#908b85,#969c8c
1054,1:27:50,#2f1f1e,#713f39,#ba815f,#89846a,#8b7a7c
1055,1:27:55,#432822,#cfa090,#914f35,#86a592,#918b8c
1056,1:28:00,#3f2722,#ce8976,#8b4d33,#62adaf,#558289
1057,1:28:05,#8e543f,#432f25,#d9b298,#94ac9f,#7f8195
1058,1:28:10,#3c2621,#c98a77,#814e3a,#65a5a7,#64848a
1059,1:28:15,#946c56,#d7a481,#3e3b2c,#a8b38d,#aa9aa7
106,0:08:50,#47221c,#8a807d,#89573e,#c39d7c,#969f6e
1060,1:28:20,#a6544f,#51322c,#e0bba0,#a0a393,#517594
1061,1:28:25,#3d251f,#7d4f3e,#cda68b,#7da39b,#60848f
1062,1:28:30,#3d2520,#7d4f3f,#cea48a,#829e95,#658185
1063,1:28:35,#7a7474,#65493b,#2e231a,#b2a79a,#7c7c74
1064,1:28:40,#978484,#b56f6b,#41261e,#7e4832,#9b8c75
1065,1:28:45,#816d68,#918885,#c3b0a7,#2c2219,#949489
1066,1:28:50,#8c8484,#806f69,#2c2119,#c6b5a6,#8c8c80
1067,1:28:55,#8c8484,#7f6e67,#2c2119,#c5b4a6,#8c8c80
1068,1:29:00,#945849,#453029,#deaf91,#8bada3,#9889a4
1069,1:29:05,#774038,#b97b69,#8b817c,#2a1f19,#918e82
107,0:08:55,#a57f59,#c5a17a,#a49685,#423720,#a3cb63
1070,1:29:10,#94827b,#422f27,#865338,#d59c77,#856e7a
1071,1:29:15,#78413a,#b97b69,#2a1f19,#88817c,#928e85
1072,1:29:20,#95807c,#844c32,#463025,#cf9974,#806f7c
1073,1:29:25,#968077,#834c32,#463025,#d09a74,#816a79
1074,1:29:30,#714232,#342823,#c47e55,#6d7c42,#7c5e64
1075,1:29:35,#985d50,#47271c,#d5ac89,#a0a384,#5d768f
1076,1:29:40,#8e7e7c,#321f1a,#755a51,#cdbaad,#938c80
1077,1:29:45,#6c5c54,#623a23,#35241a,#8a593c,#726454
1078,1:29:50,#8d443c,#d38672,#9c8c84,#3a281f,#989585
1079,1:29:55,#988684,#dc8373,#1e130f,#613523,#a8a796
108,0:09:00,#533e2c,#cbab8b,#987b5b,#9ea6a1,#8e9099
1080,1:30:00,#9b8c8c,#d18272,#35251e,#80523c,#9c9f88
1081,1:30:05,#988584,#db8676,#944e33,#583020,#aaa392
1082,1:30:10,#875850,#cf947d,#2f221b,#7f9562,#968384
1083,1:30:15,#938484,#7f534b,#d08f7b,#2f211b,#938c83
1084,1:30:20,#988584,#db8575,#954d34,#573020,#a9a896
1085,1:30:25,#2e221e,#775240,#c0865b,#8c7d68,#807075
1086,1:30:30,#352a26,#8d6a56,#dca279,#9e8d75,#766884
1087,1:30:35,#9b8685,#1f1412,#dd9177,#56392d,#aaa391
1088,1:30:40,#a39190,#9a534b,#de8e76,#4d3429,#aaa897
1089,1:30:45,#83625c,#45362d,#e0a277,#7e6a7a,#9b868a
109,0:09:05,#c79a7d,#8e684b,#41331d,#948b7c,#91a074
1090,1:30:50,#83615d,#45352d,#e0a277,#806b78,#9c8a92
1091,1:30:55,#914a3c,#dd927e,#a7938d,#4e2d20,#a5a99b
1092,1:31:00,#925341,#4a2d24,#d49b81,#a0a291,#567591
1093,1:31:05,#82453f,#be7f71,#2a1d19,#9ba08f,#4a7092
1094,1:31:10,#948c8c,#452b25,#d88771,#884c31,#a49486
1095,1:31:15,#231c18,#6d4f34,#d09158,#a6b06a,#828a9e
1096,1:31:20,#221a12,#d39756,#716434,#a1b64e,#8092ae
1097,1:31:25,#966243,#453124,#d09c78,#98a27d,#948298
1098,1:31:30,#724d3f,#deab73,#a7a06e,#939cb2,#1e1718
1099,1:31:35,#482d1f,#946945,#cd9d62,#9ea36b,#8b8f8c
11,0:00:55,#d9b4a0,#a68968,#45423a,#b0b68c,#989ea0
110,0:09:10,#9c6a51,#c4957c,#3e2f1c,#94a27c,#8c8b99
1100,1:31:40,#8c211e,#1f1413,#481e19,#594d26,#73181d
1101,1:31:45,#b6834d,#29231b,#534731,#ddc67e,#a6a7a4
1102,1:31:50,#8a442d,#47271c,#96877d,#c78e4b,#9b947c
1103,1:31:55,#442c22,#926344,#ce9b61,#a49d8c,#797d7d
1104,1:32:00,#412926,#906345,#d1a97a,#9e9580,#5b6b85
1105,1:32:05,#9a765c,#d9a680,#37342d,#a39eac,#968e95
1106,1:32:10,#9c8f8c,#99714f,#d2a37a,#413321,#a4a175
1107,1:32:15,#9e908c,#d9a881,#9f7450,#413424,#ada675
1108,1:32:20,#78593c,#d19f61,#aca494,#1c2020,#7c7b87
1109,1:32:25,#d5a175,#716238,#a5b537,#1f2323,#9f99b6
111,0:09:15,#ab9584,#2a1e14,#63562b,#625e4a,#651a1d
1110,1:32:30,#dea77c,#8f6e53,#d5bd95,#9f9bba,#252427
1111,1:32:35,#a58585,#9d6437,#4a3824,#cca15c,#a1a44c
1112,1:32:40,#966436,#3d2e1f,#caa255,#9ba448,#a3898c
1113,1:32:45,#d49475,#ae9d8e,#866b3e,#2a261b,#a9af58
1114,1:32:50,#8e8585,#261c18,#865d49,#bf9c7f,#9c997c
1115,1:32:55,#86817f,#241b17,#805f47,#bea37f,#929a7e
1116,1:33:00,#211816,#735848,#b5a282,#848868,#87757c
1117,1:33:05,#976235,#3c2d1f,#caa352,#99a545,#a38a8c
1118,1:33:10,#a08886,#38291e,#926134,#caa450,#9aa546
1119,1:33:15,#de6c60,#bca89f,#dcb88e,#81683b,#2f2e20
112,0:09:20,#ac9584,#291e14,#615c4e,#65582c,#67191d
1120,1:33:20,#de6b5f,#c4a699,#ddb98f,#81683b,#2f2e1f
1121,1:33:25,#d49573,#8d723f,#9b978f,#454527,#95af3c
1122,1:33:30,#261816,#ba8771,#6e4837,#868e6a,#867884
1123,1:33:35,#935834,#362c1d,#c89c56,#95a045,#9b797e
1124,1:33:40,#1d1212,#a5514c,#6c3b2d,#837974,#808a36
1125,1:33:45,#1e1413,#764334,#c29476,#858c54,#8c7484
1126,1:33:50,#948c8c,#312520,#8c5434,#deaf71,#949a92
1127,1:33:55,#201414,#733d38,#c39588,#888570,#8b747c
1128,1:34:00,#dd6e62,#cbaa9d,#82693f,#d0b884,#2f3121
1129,1:34:05,#a3978d,#a06b3b,#ca9959,#3e361f,#9bb03b
113,0:09:25,#805a40,#c5a37e,#34291c,#969287,#8fa664
1130,1:34:10,#aa978e,#d59775,#6f5d34,#24231b,#98a642
1131,1:34:15,#b66354,#79473a,#231815,#86817c,#8f8f71
1132,1:34:20,#261d17,#a99985,#cfa774,#7d633e,#afa86c
1133,1:34:25,#231918,#784b3e,#ae7d58,#838f6d,#787d84
1134,1:34:30,#29201c,#7a5440,#c3a376,#879553,#847284
1135,1:34:35,#4f3024,#928980,#8f673a,#bbaa85,#a29c69
1136,1:34:40,#c4753f,#4f3b29,#9d6f42,#c8bc7b,#879298
1137,1:34:45,#6c372b,#3a3431,#a88054,#eccc74,#d2cbac
1138,1:34:50,#742d27,#a28342,#e9cf7c,#d8cead,#312e31
1139,1:34:55,#ae4631,#efab97,#f59d76,#5e3b22,#fbeecf
114,0:09:30,#7f543d,#c2987b,#958b84,#352a1c,#8da264
1140,1:35:00,#614924,#c39142,#dcc78f,#a88e3e,#a8a595
1141,1:35:05,#a48c8c,#48261f,#9e5730,#cc9e4e,#a99864
1142,1:35:10,#3d251d,#8f4f2f,#cca950,#9e9b52,#9a8187
1143,1:35:15,#8d7e7c,#331d17,#ab522f,#83662f,#c6aa58
1144,1:35:20,#ac948c,#452a21,#9c6249,#cb9974,#9ba266
1145,1:35:25,#3e2c20,#937258,#c49d65,#9b9c89,#917885
1146,1:35:30,#9c8484,#d87d6f,#311e19,#7e6248,#9a988a
1147,1:35:35,#94847c,#b38770,#2e221b,#6c482f,#948c7c
1148,1:35:40,#271e1a,#bca28a,#766453,#8aa595,#7f8291
1149,1:35:45,#251d18,#867c74,#afa596,#6b644f,#8b846a
115,0:09:35,#9d6551,#523c2e,#959da0,#c5bbbd,#d87f80
1150,1:35:50,#5a432d,#dbbe9b,#1d1910,#90b492,#a071af
1151,1:35:55,#241d18,#8b837c,#ada090,#6c604a,#8c8c84
1152,1:36:00,#312b21,#7c7259,#b3af95,#85897d,#8f9f8c
1153,1:36:05,#847c74,#a79878,#716242,#3a3529,#84845e
1154,1:36:10,#847c74,#706142,#a7997a,#393529,#848463
1155,1:36:15,#c58a7a,#2b2920,#52735f,#73cc98,#7eb3ac
1156,1:36:20,#9a928c,#362d26,#ad9176,#8d7863,#c4ae96
1157,1:36:25,#aba08d,#48483e,#7b8d85,#2a94ab,#314a5e
1158,1:36:30,#362e29,#9e938c,#907b68,#baa38e,#a39c8f
1159,1:36:35,#362118,#c3a58e,#748749,#90d4dc,#2c9bb4
116,0:09:40,#34261b,#938f85,#babe88,#727b4f,#a52e34
1160,1:36:40,#231b1b,#b8aba4,#80736a,#d5c3b3,#bbb4a6
1161,1:36:45,#c7ada3,#645b4d,#8bbabc,#1e3337,#629fae
1162,1:36:50,#c7aca3,#655c4e,#8dbabc,#1e3438,#5f9eae
1163,1:36:55,#cbd4bf,#7fb7a6,#658f87,#354947,#739eac
1164,1:37:00,#c6d1bc,#83b5a3,#689087,#374747,#709cad
1165,1:37:05,#c0be9d,#78b389,#a6c1b8,#7a918c,#445350
1166,1:37:10,#42423e,#b7cbc8,#8ac8d1,#438d9f,#16415b
1167,1:37:15,#665b46,#b8cbc7,#8ccdd5,#448d9f,#273a47
1168,1:37:20,#312218,#ac967e,#2c6164,#77c2ce,#41a1b3
1169,1:37:25,#33231a,#ab947c,#2d666a,#77c1ce,#47a5b7
117,0:09:45,#856050,#bba89e,#cf9f7e,#372c22,#d1b993
1170,1:37:30,#5f6158,#bbdad8,#2098b3,#7fb4c1,#5a7482
1171,1:37:35,#b7cfce,#77bdc8,#54a1c1,#35667b,#101921
1172,1:37:40,#303735,#bbcecc,#81c3cc,#5eabc6,#3c7085
1173,1:37:45,#bed1cd,#99d5d7,#3e8ea5,#364347,#1e4a64
1174,1:37:50,#bfaa8b,#343933,#3e7a85,#75c5d6,#323b44
1175,1:37:55,#5d624d,#ccd5cb,#a0d4d6,#489dad,#2d4355
1176,1:38:00,#515747,#cbd7cf,#8bafae,#3799af,#1a4c76
1177,1:38:05,#4b5552,#c0d2ce,#9cd4d1,#479eb5,#192427
1178,1:38:10,#5e5c49,#cbd4c8,#9ccdcd,#4093ab,#4d373a
1179,1:38:15,#404641,#ccddd0,#9ac1be,#3296ae,#0f4a62
118,0:09:50,#a27562,#d1ab89,#504835,#a5b186,#25829b
1180,1:38:20,#928f8c,#b3a089,#7e715f,#8ea56e,#2b2e2e
1181,1:38:25,#7c6e5a,#c6bca1,#3ca9b3,#508f99,#2d3134
1182,1:38:30,#3d3029,#8e744e,#bea46b,#3e9eac,#468594
1183,1:38:35,#b29f86,#7c715d,#8c957a,#2c3230,#8f8b8c
1184,1:38:40,#302a26,#8a7865,#6b6959,#90b0a9,#4b8195
1185,1:38:45,#5e332f,#755645,#bbc0b2,#3b98b5,#8fd4ea
1186,1:38:50,#5e332e,#715444,#bdc3b6,#93d4e4,#4099b5
1187,1:38:55,#a78669,#352d25,#776854,#9ab2ab,#4a89a0
1188,1:39:00,#2d261d,#726a53,#c2bca4,#63a89f,#1a7ea3
1189,1:39:05,#2d281e,#746d5c,#bfc5b6,#4ea4b2,#1b7ea2
119,0:09:55,#a37561,#d2ac8a,#514835,#a4b284,#23829b
1190,1:39:10,#5c3931,#a98f75,#16809c,#15698c,#271d1e
1191,1:39:15,#302923,#937962,#9c8f78,#6e6656,#5ba9b0
1192,1:39:20,#694d47,#271f1d,#8e7965,#6dadb5,#5b838d
1193,1:39:25,#4f2c2a,#7f5d44,#c0beaa,#90c5cc,#4396a9
1194,1:39:30,#4a2a28,#835f47,#bbbdab,#87c5cd,#4794a6
1195,1:39:35,#603737,#82675a,#719f9f,#4b6f79,#281a1b
1196,1:39:40,#2b2824,#c8d8be,#9cc2a0,#5f7662,#96b3ac
1197,1:39:45,#d8b99e,#5d5b32,#3c84a3,#6d818c,#444257
1198,1:39:50,#dab496,#a49e97,#906f48,#5d5c6d,#786874
1199,1:39:55,#dab597,#a49e97,#8d7b5c,#5d5d6e,#76626f
12,0:01:00,#4a3124,#aa9788,#2a2825,#59562d,#58624b
120,0:10:00,#856d58,#b79d86,#414232,#70a48e,#2a8ca1
1200,1:40:00,#3d2a1e,#976342,#a58566,#cfa16d,#6e6687
1201,1:40:05,#6a493f,#d69e86,#3c3c5b,#726785,#382c42
1202,1:40:10,#da9f84,#703e25,#acb4ac,#312944,#746784
1203,1:40:15,#2f221a,#938a84,#855f3f,#b89264,#9b9488
1204,1:40:20,#917a74,#895940,#c79d70,#998671,#2f2a2f
1205,1:40:25,#9999d1,#584f67,#aa95a4,#8d6d81,#caa1b0
1206,1:40:30,#9394c8,#595068,#a4949f,#8b6c80,#bf99a8
1207,1:40:35,#422a25,#894435,#c69b71,#9fab7b,#636486
1208,1:40:40,#2b1615,#5e2e25,#7f5133,#7b6454,#c7a785
1209,1:40:45,#873c36,#b17c5f,#d8cd9f,#535d92,#392e32
121,0:10:05,#754934,#8a6750,#caa77a,#4e402b,#7c5e2d
1210,1:40:50,#835e46,#dab590,#a1ba6c,#495490,#3d3335
1211,1:40:55,#62503f,#a29470,#7c7458,#324b7b,#202233
1212,1:41:00,#141313,#5d5252,#3c4450,#324877,#202234
1213,1:41:05,#211a17,#8e7662,#b3b39b,#456d8b,#5e4243
1214,1:41:10,#2f231f,#b09076,#675741,#7c7561,#77656e
1215,1:41:15,#36231d,#7c5c44,#b1997c,#848a7c,#5b6d7d
1216,1:41:20,#36231d,#7b5c44,#b29e84,#838a7c,#61727b
1217,1:41:25,#3e3128,#8a6b55,#cba17f,#918476,#8c7e8b
1218,1:41:30,#7d6360,#39281f,#c7ba9d,#8c9384,#4f7389
1219,1:41:35,#6d5950,#312621,#c89e7c,#897c6e,#887c89
122,0:10:10,#a2988d,#bfae8c,#91825e,#3c3926,#9ca861
1220,1:41:40,#7d6553,#39291b,#cbc0a5,#93998a,#51778c
1221,1:41:45,#725d4c,#38281b,#a5896e,#bbb69f,#457490
1222,1:41:50,#35231f,#7b5c4c,#c0ae8d,#748f89,#4e7482
1223,1:41:55,#34221e,#6f5043,#bcab8b,#6d8e8a,#4f7785
1224,1:42:00,#c2765d,#4a3526,#e2bf92,#8d8659,#889799
1225,1:42:05,#3e3329,#8e6b4a,#d4b690,#9ca588,#837a99
1226,1:42:10,#9a714f,#cfa874,#434038,#8cb482,#80a1ad
1227,1:42:15,#241d1a,#e09464,#84634c,#e7dbb1,#aaaab1
1228,1:42:20,#966c4c,#cca670,#413f37,#89b37d,#889898
1229,1:42:25,#6f4332,#2c251d,#c9b092,#64acad,#4d7986
123,0:10:15,#b79180,#937d6c,#4b523c,#83bc80,#2a95a8
1230,1:42:30,#947152,#41372c,#d5b994,#979590,#9ca78b
1231,1:42:35,#80594b,#30271e,#cebb9c,#979a8f,#56778f
1232,1:42:40,#5f251f,#241e1b,#675e51,#bda989,#8b6a2d
1233,1:42:45,#67231f,#28201c,#685e4e,#8f6a2e,#beab8a
1234,1:42:50,#5f241f,#241f1c,#b9a686,#8e6a2d,#665e4f
1235,1:42:55,#945150,#431c16,#9e5326,#ba9c7d,#822324
1236,1:43:00,#2b1f19,#653f2b,#6d635c,#bda788,#9d7736
1237,1:43:05,#68402f,#2b1f19,#6d635a,#bda688,#a27b35
1238,1:43:10,#a36e54,#42342c,#ddaf82,#9ab19c,#887aa7
1239,1:43:15,#2a1d15,#8e6d4a,#e1caa2,#ada58c,#7c7784
124,0:10:20,#3e1b1b,#c7aa8c,#897859,#baae96,#cdc0a4
1240,1:43:20,#9a6a4f,#40332a,#d1a578,#95a588,#8971a8
1241,1:43:25,#413529,#8c6f4d,#ccae83,#93938e,#93ab7e
1242,1:43:30,#b48660,#26241a,#6d6538,#838b69,#865476
1243,1:43:35,#251e1e,#692320,#b59c7e,#8a612b,#65604c
1244,1:43:40,#6e352a,#2a1e1a,#a86835,#6a6054,#c3b296
1245,1:43:45,#d39c77,#6e684d,#a0b88f,#262f21,#8393b2
1246,1:43:50,#d89d76,#716a4d,#a6c198,#253020,#879fb1
1247,1:43:55,#e09e75,#8c7f66,#9bb0c0,#373138,#612c33
1248,1:44:00,#281a17,#775946,#dbab7b,#9cb691,#6695a3
1249,1:44:05,#7c5f4f,#271d17,#dbad80,#99ba97,#6d9da5
125,0:10:25,#291c19,#866f54,#c9b295,#b9ab95,#bab694
1250,1:44:10,#742925,#2f130f,#6b5e56,#d3732d,#c1a37b
1251,1:44:15,#5e2c27,#eda259,#86775e,#ebddb5,#263526
1252,1:44:20,#b42e17,#b37e53,#d2baa4,#e0ca99,#2c2614
1253,1:44:25,#74361d,#b6875c,#dfcfab,#dcc591,#292e1a
1254,1:44:30,#613a2e,#7f5630,#dbc29e,#8e8b70,#33412b
1255,1:44:35,#50382c,#d9bb8a,#8e8469,#cfd2bf,#323f29
1256,1:44:40,#312f2e,#b79e74,#587055,#b5c0ba,#632b2d
1257,1:44:45,#d8b783,#907e5e,#2e2a22,#aabcb8,#663134
1258,1:44:50,#d9b682,#8f7b5c,#2e2921,#c8cbb8,#663134
1259,1:44:55,#a28b68,#d2d1b8,#d2cf80,#313327,#6f3137
126,0:10:30,#877a66,#cbb692,#424933,#9dc164,#708e89
1260,1:45:00,#d4c0a5,#857b66,#3c422f,#65ab60,#649291
1261,1:45:05,#2a1b11,#53341e,#ac8f6f,#d2c8ba,#e1cc87
1262,1:45:10,#d4bfa4,#847a65,#3c412e,#65ab62,#679390
1263,1:45:15,#3b382d,#585237,#444c31,#141f40,#141214
1264,1:45:20,#b7a473,#7a7461,#949484,#949c80,#282c3a
1265,1:45:25,#66543f,#837c72,#ceb083,#28447c,#191a1d
1266,1:45:30,#675441,#ccad7f,#839866,#191a1d,#76777c
1267,1:45:35,#65533e,#cbac81,#7f8568,#2c4374,#191a1d
1268,1:45:40,#75726c,#4f5d51,#1d3761,#3e4047,#15161a
1269,1:45:45,#423d3c,#7f6553,#5c544c,#1b305b,#151720
127,0:10:35,#cbb592,#877a65,#424933,#9dc164,#6f8d89
1270,1:45:50,#122c43,#162d52,#13203a,#1c1d33,#131115
1271,1:45:55,#12344a,#122644,#1a335f,#14141a,#242324
1272,1:46:00,#868178,#54675b,#1e3a6c,#1b2439,#0f0f10
1273,1:46:05,#566463,#0f1011,#1e386c,#1b2338,#898385
1274,1:46:10,#737370,#444744,#515d57,#4e5254,#151b22
1275,1:46:15,#7a7166,#969c8c,#4c645e,#6a848c,#122839
1276,1:46:20,#7a7471,#646c5d,#272d2d,#636064,#50484b
1277,1:46:25,#827e6e,#525047,#536a59,#445c64,#182128
1278,1:46:30,#524c47,#817e70,#536a59,#161e25,#5f5c64
1279,1:46:35,#534e4b,#837e6e,#516456,#161e24,#525c64
128,0:10:40,#a18669,#634a2a,#453927,#e06d82,#871f2b
1280,1:46:40,#786f65,#625947,#6c746c,#282c2b,#6c6c74
1281,1:46:45,#403020,#554628,#18344d,#172532,#141418
1282,1:46:50,#43403d,#807a6f,#525e54,#143a5d,#151b21
1283,1:46:55,#b5a281,#615637,#829a56,#171c22,#7e777c
1284,1:47:00,#c4b396,#5d543a,#819b55,#171c22,#847c84
1285,1:47:05,#a58254,#705021,#7c7464,#847c68,#191813
1286,1:47:10,#4e4942,#9f9682,#131312,#637b47,#3f515d
1287,1:47:15,#6c6464,#4c3026,#ddb094,#242f4c,#141114
1288,1:47:20,#513e39,#6c564e,#4d5a77,#192644,#14161f
1289,1:47:25,#735449,#b7a292,#758a90,#667282,#1b1e26
129,0:10:45,#c9bda8,#333b36,#557f80,#62b6bd,#209ab1
1290,1:47:30,#5d4b3e,#a49882,#7f847c,#1a1e25,#727478
1291,1:47:35,#5f5245,#a49683,#7e877e,#1a1d25,#797577
1292,1:47:40,#4a3f3b,#85725c,#546054,#2d475c,#1b1e2a
1293,1:47:45,#5f5041,#887a68,#696d63,#58646c,#2b2a2b
1294,1:47:50,#71665e,#c9b698,#7d9959,#181b24,#7d7174
1295,1:47:55,#958a84,#866349,#3d3125,#b1936e,#9ab06d
1296,1:48:00,#978b84,#86634a,#3c2f23,#b69a76,#9aac72
1297,1:48:05,#856349,#928c86,#372e25,#bea07a,#9aba6a
1298,1:48:10,#241c18,#6d4c37,#bb9977,#84906c,#365a86
1299,1:48:15,#231b18,#6c4b36,#ba9676,#848c64,#31547c
13,0:01:05,#dba989,#473222,#918b7c,#292b25,#517f2e
130,0:10:50,#a89c9c,#c3938a,#997a73,#4d4d3f,#8aac69
1300,1:48:20,#998684,#3d2926,#907258,#cfb58d,#a1a97d
1301,1:48:25,#a36f53,#433429,#dba87d,#78ca44,#878d9e
1302,1:48:30,#9c8c8c,#332821,#7b6349,#d1c197,#90a06b
1303,1:48:35,#9c928c,#362a21,#7e634c,#ccb8a2,#98a07e
1304,1:48:40,#8a6b52,#ceae84,#9abe6f,#7a748c,#322021
1305,1:48:45,#332821,#7b6249,#d3c29a,#939d73,#98898c
1306,1:48:50,#948484,#332821,#7b6349,#d2c199,#8f9e69
1307,1:48:55,#512b24,#685651,#b79a77,#94742d,#25242c
1308,1:49:00,#562c25,#685752,#b79b79,#96762d,#26252d
1309,1:49:05,#948c8c,#332821,#7b6349,#d2c299,#90a06a
131,0:10:55,#d37574,#a87666,#524439,#a2978e,#9ead85
1310,1:49:10,#372828,#8c6e55,#d1b38a,#9dba7a,#858196
1311,1:49:15,#583529,#bca57c,#9b7936,#6b714a,#222126
1312,1:49:20,#5a352a,#bda57d,#a78136,#6c6d51,#21222a
1313,1:49:25,#a69494,#50372d,#9d7653,#caa976,#9d9d74
1314,1:49:30,#2e211d,#916041,#d9bc8f,#a7a888,#988e93
1315,1:49:35,#2f211e,#905f41,#d7ba8e,#a5a788,#968e94
1316,1:49:40,#2e211d,#926142,#d8bc90,#a7a78a,#9a8e96
1317,1:49:45,#2e211d,#926041,#d8bc8f,#a7a888,#938a95
1318,1:49:50,#8c8484,#2b1c1a,#85513d,#d1ad81,#768f50
1319,1:49:55,#2d1d1a,#834f3c,#90847c,#cfad81,#768e50
132,0:11:00,#956c5a,#bbc098,#35372c,#dc5b67,#c9a4a6
1320,1:50:00,#2e211d,#916041,#d9bd90,#a7a888,#948c98
1321,1:50:05,#948484,#2c1c19,#84513d,#d0ac81,#768f50
1322,1:50:10,#2c1c1a,#844f3c,#92847c,#cfac81,#779051
1323,1:50:15,#8c8c8c,#3b2521,#894f3c,#d6bd97,#a1c368
1324,1:50:20,#734b30,#407484,#74a2ba,#0f3f5f,#181c25
1325,1:50:25,#a69494,#50382d,#9d7754,#caa977,#a09e74
1326,1:50:30,#312120,#845843,#c39f77,#86a763,#957198
1327,1:50:35,#48352a,#82674f,#9d9185,#d6caaa,#a0bc69
1328,1:50:40,#362823,#996246,#d3b188,#a5a179,#79879b
1329,1:50:45,#948c8c,#3b2d28,#88694f,#ddc39d,#a2c964
133,0:11:05,#434033,#716c56,#636c57,#5d605c,#1a1f1d
1330,1:50:50,#382b26,#84664d,#dbc39d,#a3c964,#808284
1331,1:50:55,#8a7057,#cda77e,#6dd282,#83859f,#202028
1332,1:51:00,#3c2222,#7f3d3d,#c98f6e,#9c7c63,#885480
1333,1:51:05,#382b25,#84664d,#9c948c,#d9bb95,#a3ca64
1334,1:51:10,#572d1f,#896b56,#e0ae7d,#242a36,#bbb6c0
1335,1:51:15,#3b2e27,#88694f,#9c948c,#d7b892,#a3ca63
1336,1:51:20,#392d26,#a0948c,#876c50,#ceb18e,#a2c568
1337,1:51:25,#3f322f,#8e6a51,#cba376,#9daf6f,#8e8da0
1338,1:51:30,#413331,#8e6c52,#cca072,#9daa83,#9d99b8
1339,1:51:35,#1c1614,#8f837c,#5d4431,#bea68f,#86a155
134,0:11:10,#c8867c,#3a2c27,#43a1a6,#537e90,#8b1826
1340,1:51:40,#aeafa9,#666966,#729286,#21282b,#7f8184
1341,1:51:45,#645f58,#b1aea5,#74987e,#21292b,#7d8084
1342,1:51:50,#b8ab99,#787a74,#8bab5f,#223e43,#8a9396
1343,1:51:55,#7d694d,#c2aa81,#909482,#2c3032,#7f7d94
1344,1:52:00,#b0a999,#799b78,#12586f,#3c7c94,#202c31
1345,1:52:05,#afa897,#6c685a,#779b79,#183641,#667f8c
1346,1:52:10,#bba98b,#776f5a,#848477,#1e1e21,#807b88
1347,1:52:15,#b8a589,#776f5d,#8b8d92,#1e1e21,#858284
1348,1:52:20,#a5aaa4,#8fa09e,#202424,#315b61,#8894a4
1349,1:52:25,#948d75,#73745e,#619070,#557f90,#1a3d4c
135,0:11:15,#4c3131,#be9783,#82a79a,#2591ad,#914d4e
1350,1:52:30,#968d74,#727660,#659d87,#1a3c49,#587d90
1351,1:52:35,#9d967c,#737660,#679a83,#1d3d4a,#678092
1352,1:52:40,#222121,#89796d,#a89e90,#20505d,#9c8c9c
1353,1:52:45,#a4a7a3,#7a9e93,#2f3f3e,#377273,#828b94
1354,1:52:50,#9a7667,#5f4c39,#22383c,#116984,#7c848c
1355,1:52:55,#c1dbd3,#90c7c7,#7dbbcc,#38788b,#1a333f
1356,1:53:00,#8db8ba,#488797,#0f465e,#13354c,#172938
1357,1:53:05,#b2d5cf,#2a2f2f,#9eaaab,#367284,#78b5c9
1358,1:53:10,#a19d8f,#a3b1b3,#455e69,#96a4b4,#1a1f26
1359,1:53:15,#b39c86,#c2d8d4,#5e7478,#a4b4bc,#2d252a
136,0:11:20,#692524,#bc8366,#e1c49f,#322718,#e7ddbd
1360,1:53:20,#bbdacc,#98c0b1,#8ea7a2,#78a59c,#426364
1361,1:53:25,#b5b5a2,#2e392f,#8cbfa1,#5b7b69,#73c4b6
1362,1:53:30,#7eaca3,#b2c4c1,#2b6474,#1d2b2f,#70a2b4
1363,1:53:35,#8e7b6f,#789089,#abbebb,#5f747c,#182c3a
1364,1:53:40,#9f9493,#152330,#74747c,#6c6c74,#5e595e
1365,1:53:45,#908375,#a0b6ac,#344857,#8793a4,#1d1e21
1366,1:53:50,#bfad92,#6fa57f,#406961,#799994,#242022
1367,1:53:55,#6b9d8f,#adc4c8,#0f181d,#314b60,#858c93
1368,1:54:00,#92a8ad,#afc5cc,#708697,#233f57,#8797a7
1369,1:54:05,#a2c4bd,#7cb0b0,#182f31,#57a2bd,#1c5f78
137,0:11:25,#48372f,#d3a389,#966f4f,#a7c7a8,#49708d
1370,1:54:10,#9bbdb5,#192b28,#80ada9,#76b1c2,#175c76
1371,1:54:15,#a7a193,#789086,#5b7176,#528398,#183044
1372,1:54:20,#9fa091,#4b4d37,#1d2b25,#536469,#124a60
1373,1:54:25,#443937,#9e9f8a,#4e583a,#547463,#1b2e35
1374,1:54:30,#443735,#524d39,#a09e8f,#577162,#1e2b2a
1375,1:54:35,#63453c,#a99f89,#556d39,#616864,#173f4c
1376,1:54:40,#272321,#c1aa94,#7ca56f,#345b66,#448cac
1377,1:54:45,#929792,#8eb5af,#a4bec1,#1d627c,#1f272d
1378,1:54:50,#808078,#b1dacd,#55778c,#6c8cab,#1a314f
1379,1:54:55,#2e4542,#80aaab,#69a4a6,#1f5e79,#6698b7
138,0:11:30,#46352e,#8b5539,#d19e72,#96bfae,#767e85
1380,1:55:00,#38362b,#a0b8b0,#8abbbc,#39808a,#633b4a
1381,1:55:05,#94b5b0,#72aca8,#324141,#257987,#3c4454
1382,1:55:10,#da8971,#cebfb5,#898060,#2f3b27,#6a2627
1383,1:55:15,#a77062,#d5927c,#a39690,#5a4f3c,#96ac79
1384,1:55:20,#bea788,#7c705e,#b3ac8d,#243138,#9b999b
1385,1:55:25,#c78c7f,#5d6438,#a8ccc2,#6d9692,#3a2327
1386,1:55:30,#573a26,#5f4f40,#aa8a66,#44382a,#d0cebb
1387,1:55:35,#d18271,#745346,#262524,#9aa96d,#93888f
1388,1:55:40,#d1a08b,#806243,#78e0a2,#3ba0b1,#452728
1389,1:55:45,#d19f8b,#7e6144,#96a59c,#329fb2,#3f2728
139,0:11:35,#785039,#bc8c6d,#5d98b6,#5a7494,#3d353f
1390,1:55:50,#d9b29c,#6e5e45,#25251c,#a1c4a7,#40a2b2
1391,1:55:55,#cdac89,#727134,#628178,#2a2f33,#912b34
1392,1:56:00,#ccac8b,#766734,#677a6f,#2d3232,#9a2a36
1393,1:56:05,#cda689,#707435,#323f34,#65776b,#ac2a38
1394,1:56:10,#712725,#ab8769,#d3cac0,#dcd08c,#243547
1395,1:56:15,#d4b697,#7d644a,#4ea0b2,#337483,#ac3840
1396,1:56:20,#7f2a25,#a78466,#ddae82,#cfc9c0,#213243
1397,1:56:25,#d5807c,#745845,#28291c,#92b9a5,#489dae
1398,1:56:30,#bcada9,#d98369,#765b4d,#cbc4ad,#313926
1399,1:56:35,#cea08a,#516241,#9ca297,#439bb0,#512228
14,0:01:10,#492e23,#daa887,#807a65,#2a2f28,#bdb6c2
140,0:11:40,#1c1c1c,#3f3630,#5b564b,#4a5452,#3c404f
1400,1:56:40,#ce9e88,#9c9f95,#516241,#449cb0,#4d2329
1401,1:56:45,#cc9c86,#546341,#9ca399,#459fb3,#502329
1402,1:56:50,#573924,#9f896c,#d7bc98,#d6cab7,#2b3b4d
1403,1:56:55,#573925,#9e8769,#d2c6b0,#c8c884,#2b3b4d
1404,1:57:00,#593930,#3e2a1f,#927e69,#ccb8a0,#57442c
1405,1:57:05,#c8b594,#756f46,#9bcc7e,#4894a5,#40262f
1406,1:57:10,#5c3934,#97816e,#bab6b0,#38332b,#5d4b2e
1407,1:57:15,#3d3321,#d1c7ad,#6f7a45,#466465,#4aa3b4
1408,1:57:20,#403723,#cbc4ac,#717545,#656761,#4ba4b3
1409,1:57:25,#6d3527,#6b5b53,#bb9978,#906d2e,#28394e
141,0:11:45,#1d1a1a,#403632,#6e6a5d,#495442,#3e4054
1410,1:57:30,#6b3525,#b69374,#93712e,#e3daaf,#283a4f
1411,1:57:35,#8b8069,#60502e,#373227,#dfcfa7,#7f3536
1412,1:57:40,#937a61,#d2b896,#3e3426,#9c9994,#a3a489
1413,1:57:45,#5a3b25,#b69575,#ddd2be,#665d4b,#2c3e51
1414,1:57:50,#5a3a25,#b69575,#d4cabd,#665e4a,#2c3e51
1415,1:57:55,#b59771,#6b6249,#403d2d,#afc8bf,#732a2b
1416,1:58:00,#9d705b,#d0a987,#504834,#9bad82,#218099
1417,1:58:05,#4f6f2c,#73a07c,#375242,#c0cdc6,#208e9d
1418,1:58:10,#3d402c,#cdd2c7,#72996c,#85bdc2,#1f8e9c
1419,1:58:15,#3e3826,#d6cfb7,#56653d,#96b198,#379ab4
142,0:11:50,#69463d,#292321,#92c061,#4a5e88,#a82a2d
1420,1:58:20,#d8cdb9,#454d34,#22271c,#9accd5,#419db4
1421,1:58:25,#4d4631,#c1bea7,#6a7b47,#608c84,#187e8b
1422,1:58:30,#dcd1bb,#3e3826,#aaaa91,#56633e,#2c929f
1423,1:58:35,#dfd4bd,#3c3525,#aaa698,#545a3d,#2892a1
1424,1:58:40,#443b2f,#bcb7ad,#78796a,#363729,#4c5131
1425,1:58:45,#ccd2c9,#599a3d,#8fb0a2,#1994ab,#435155
1426,1:58:50,#609739,#c6cec6,#7ba286,#1794aa,#324a54
1427,1:58:55,#7d613c,#b59c58,#403a21,#789e39,#8a7a7d
1428,1:59:00,#c69f86,#c8b1a2,#4e3c28,#868d4d,#252d18
1429,1:59:05,#c6b499,#343a22,#93cc5f,#61934c,#6caeb6
143,0:11:55,#4f4c4c,#613731,#2d211f,#5d5a4d,#a42028
1430,1:59:10,#c0b695,#2e4024,#64994c,#295f38,#60b3bc
1431,1:59:15,#c0b696,#2e4024,#64994c,#295f37,#60b3bc
1432,1:59:20,#d1c8b6,#3b3522,#44753d,#61aab0,#2395ac
1433,1:59:25,#c6bea1,#3b3824,#9fd48d,#4d7c3e,#50a3ae
1434,1:59:30,#4d3825,#a88a6a,#1d1c14,#616e26,#5f6740
1435,1:59:35,#4a412f,#675d47,#1f1d18,#53554f,#514b4c
1436,1:59:40,#190f0f,#65584d,#53545b,#4a4b57,#4d3235
1437,1:59:45,#5d5043,#a3aa6c,#759051,#6b6971,#1f1519
1438,1:59:50,#4e4c4c,#140f0e,#665a4e,#515a46,#45272d
1439,1:59:55,#beada1,#8f8a5c,#373c1f,#90a763,#93949d
144,0:12:00,#9c8c8c,#bc7763,#844f3a,#3c2d22,#96a165
1440,2:00:00,#c0b89f,#77834a,#8ca663,#343f25,#898c95
1441,2:00:05,#c2b894,#79854b,#353e26,#91aa70,#8a8f96
1442,2:00:10,#b9a781,#1a180f,#9c997f,#c3d286,#647832
1443,2:00:15,#d6c499,#949085,#79804d,#353920,#95a370
1444,2:00:20,#cdb084,#948e81,#373921,#78804b,#95a478
1445,2:00:25,#99918c,#d3b288,#7a7e4b,#343720,#96a47d
1446,2:00:30,#858451,#8dae52,#50702f,#1e2a16,#628a6c
1447,2:00:35,#b5cc74,#78a245,#5e783f,#7e8a74,#1a2514
1448,2:00:40,#7c7c74,#aeae70,#5e6935,#718b41,#1a2012
1449,2:00:45,#040404,#080404,#080404,#080404,#080404
145,0:12:05,#704329,#be8c64,#766143,#2c251a,#c5bcc2
1450,2:00:50,#74493b,#948c89,#af846a,#94848c,#2f1516
1451,2:00:55,#744a3d,#bc9983,#948c86,#94848c,#2f1516
1452,2:01:00,#754a3e,#c1a28f,#948c87,#918284,#2f1517
1453,2:01:05,#9c8c8c,#8e675a,#c2927e,#a3957e,#341b1e
1454,2:01:10,#8e675b,#c79987,#a39580,#a48c94,#331b1d
1455,2:01:15,#966e60,#cba18e,#a99882,#a18c94,#371e20
1456,2:01:20,#c2aaa5,#938079,#525143,#a4a49a,#a39b9c
1457,2:01:25,#331714,#c5b0ab,#5b5a4b,#a2b5ad,#9ea8a6
1458,2:01:30,#d9b8b3,#7a5b56,#b8b8af,#2e1113,#baabac
1459,2:01:35,#311514,#c69694,#7d605a,#f0e2d9,#ceb3b4
146,0:12:10,#65281d,#b28866,#251e13,#5f5b45,#c9c0c2
1460,2:01:40,#744f4c,#dfc9c1,#b0afa7,#a9a3a4,#2c1112
1461,2:01:45,#8c594d,#d5b6ac,#9e966b,#8d8794,#421f20
1462,2:01:50,#452222,#935f52,#dfc8bf,#a4987c,#928895
1463,2:01:55,#8a625e,#e2cfcc,#a29691,#a18c9c,#462126
1464,2:02:00,#8a5f5b,#dfcbc7,#a29690,#a18c9e,#462026
1465,2:02:05,#895f5b,#dec9c6,#a19691,#9c8a9c,#472127
1466,2:02:10,#8a5b5b,#c5a39f,#999592,#8d8894,#39202b
1467,2:02:15,#8d5b5a,#c09c98,#9a9594,#928a94,#391f2a
1468,2:02:20,#dac7c4,#8c8c84,#8b7284,#291319,#6b3e41
1469,2:02:25,#e0d2cf,#938c85,#937f8c,#2b151a,#714548
147,0:12:15,#642a1e,#b28968,#2b2317,#64604f,#c8bec3
1470,2:02:30,#765a5a,#e2d5d1,#948c84,#94848c,#33171c
1471,2:02:35,#714646,#dfcecb,#948c85,#94848d,#2e1419
1472,2:02:40,#724545,#dccbc6,#948c87,#94848c,#2e1419
1473,2:02:45,#825748,#e9d9d3,#a2968f,#9c8c94,#441f21
1474,2:02:50,#e6d6d2,#825749,#a29690,#9e8c94,#442021
1475,2:02:55,#d9c3c1,#9a8d8a,#96828c,#3b1a22,#7f5659
1476,2:03:00,#d7c1bf,#9a8d8b,#9c8494,#3c1a22,#80565a
1477,2:03:05,#c3aa9d,#806b5a,#958f73,#9b848c,#2c1518
1478,2:03:10,#c7b1a6,#806b59,#958f72,#97848c,#2c1619
1479,2:03:15,#cbb6ab,#806b5a,#968f73,#9a848c,#2c1619
148,0:12:20,#8c4d31,#9e8a7c,#352516,#d3b380,#93a555
1480,2:03:20,#250f0c,#e5d5c8,#6a523b,#b3aca2,#af9d9e
1481,2:03:25,#b09d9d,#260f0c,#e4d4c7,#6a523b,#b3aca1
1482,2:03:30,#6e5252,#eddfd9,#bcb4ab,#bcacb4,#2c1415
1483,2:03:35,#6f5353,#ecddd9,#bbb4a9,#bba8ac,#2d1416
1484,2:03:40,#6f5353,#edded9,#bcb4aa,#bcacb4,#2b1415
1485,2:03:45,#6e5353,#ecddd8,#bcb4ac,#bba8ac,#2c1516
1486,2:03:50,#8e847a,#c0b6a9,#a3ada4,#394e43,#9ca4ac
1487,2:03:55,#928a80,#beb4a7,#3f5247,#9caca9,#9aa1a4
1488,2:04:00,#8e847a,#c0b6aa,#394e43,#a2aea8,#a0a4ac
1489,2:04:05,#92897f,#b7ac9f,#405347,#9caeae,#94a4ac
149,0:12:25,#9b8c85,#3e2519,#9a6940,#d7b083,#a8b068
1490,2:04:10,#aa9b90,#92897f,#bcb4a5,#3f5248,#a2a4ac
1491,2:04:15,#a99b8f,#92887f,#bdb4a6,#3f5247,#a3a2a4
1492,2:04:20,#f4e4db,#b3959c,#705056,#bc9398,#a8898a
15,0:01:15,#8e6b59,#cca27b,#79a664,#343636,#5d92a6
150,0:12:30,#b44b47,#724937,#2d211b,#847c74,#868666
151,0:12:35,#b44336,#7c4c33,#34261d,#b1b764,#997189
152,0:12:40,#c34d49,#372e28,#826146,#958769,#6e7474
153,0:12:45,#673b21,#cbb089,#271f13,#8c8474,#7f914a
154,0:12:50,#443c3c,#9e3e38,#1a1311,#5d3c2b,#444436
155,0:12:55,#b95743,#77392b,#291b17,#8e8243,#746c74
156,0:13:00,#ab7144,#6e4a29,#514f4c,#86744e,#1b1718
157,0:13:05,#525242,#353720,#3c451d,#343444,#151213
158,0:13:10,#0e0e0e,#5d5951,#3b3d39,#4a5254,#3f434c
159,0:13:15,#502d21,#8e4e33,#4c4944,#55594d,#0f0d0f
16,0:01:20,#89725e,#c99f76,#78a96c,#353937,#5f92a5
160,0:13:20,#1c1513,#6c381e,#7e604c,#c57a43,#8c841c
161,0:13:25,#5c5247,#45443c,#4c5447,#4c4c54,#181317
162,0:13:30,#484444,#5b534a,#3a362f,#4a4c43,#171216
163,0:13:35,#724025,#b3632f,#e1ad5f,#8c846c,#1a1314
164,0:13:40,#1c1211,#4b3830,#7c7263,#606250,#5c5254
165,0:13:45,#85594e,#221a17,#513e36,#5c5648,#594b4c
166,0:13:50,#645c5c,#856c5c,#645042,#696859,#241718
167,0:13:55,#231716,#624430,#906b4f,#7a7968,#71595c
168,0:14:00,#231716,#614330,#906a4d,#7a7868,#6c5c64
169,0:14:05,#321911,#934621,#db7b3c,#7c746c,#ac8454
17,0:01:25,#66493c,#b3ae9a,#74763a,#6f725e,#3d452e
170,0:14:10,#1c0f0f,#763524,#9e8c84,#d38251,#b0a187
171,0:14:15,#a08685,#8f462b,#a9948c,#361d13,#d57046
172,0:14:20,#361b16,#883e2d,#cf6b4e,#9e8f7e,#8d828d
173,0:14:25,#6d5f53,#464035,#595649,#141218,#5c4c54
174,0:14:30,#1f1613,#734128,#bb703c,#8c8c74,#7b3484
175,0:14:35,#2f241d,#3c2c1e,#314844,#243c39,#16141a
176,0:14:40,#403b39,#675951,#4a4e51,#44444c,#0c0c10
177,0:14:45,#a46c37,#6d4b29,#757939,#60556c,#161315
178,0:14:50,#6f726e,#454844,#53615d,#141515,#4a525d
179,0:14:55,#857364,#5e5e59,#727b7b,#686c74,#27262c
18,0:01:30,#5d4536,#b2ac99,#6f723b,#6d705e,#373f2a
180,0:15:00,#817468,#575e5c,#6a7878,#5e6a6c,#222329
181,0:15:05,#5f544e,#776758,#656456,#65585c,#261c1f
182,0:15:10,#564744,#816f60,#655d55,#634d57,#22181b
183,0:15:15,#564743,#7e6c5f,#685d54,#624d56,#23181c
184,0:15:20,#45443d,#6e6f6a,#53605c,#3f4d54,#161518
185,0:15:25,#45453d,#6e6f6a,#53605c,#404d54,#161518
186,0:15:30,#72726b,#444743,#53605c,#46535c,#161518
187,0:15:35,#7e776b,#5d5c4f,#697772,#546364,#181a1c
188,0:15:40,#7b796c,#586452,#454d4d,#141517,#545866
189,0:15:45,#777b76,#4a4d4b,#546464,#545c64,#0e0e11
19,0:01:35,#c4b89f,#98907b,#aaa89e,#afb5a3,#47553e
190,0:15:50,#6c4c4c,#757976,#586563,#545766,#191819
191,0:15:55,#290e0d,#3a1a12,#2a241d,#1a181c,#0f0c10
192,0:16:00,#756356,#7b7c76,#525c5b,#5d646c,#1b151a
193,0:16:05,#261411,#0c0b04,#191c1c,#1c1c24,#0e0c11
194,0:16:10,#8c7e6d,#5a5a54,#6c7976,#636b6d,#141314
195,0:16:15,#514a45,#7b7b70,#5b6559,#4f5b5c,#141314
196,0:16:20,#50514d,#787b70,#5a6554,#555866,#141213
197,0:16:25,#4e423c,#857c6c,#5a665d,#14201b,#3d4c54
198,0:16:30,#423d38,#7b7769,#556255,#414d54,#0f0d0e
199,0:16:35,#1e1c1b,#6a4b2b,#b38a50,#88847c,#6c6c74
2,0:00:10,#d3eaee,#347e97,#7eceed,#6aaac5,#148ccb
20,0:01:40,#d0cbbd,#a4cc7c,#25321f,#598369,#89b4bb
200,0:16:40,#221a15,#5e442a,#a6987d,#6e7e72,#4d6573
201,0:16:45,#6f2c28,#241715,#a86357,#7e9c95,#527e88
202,0:16:50,#baa889,#cbbda1,#45402f,#a4aaa5,#5d5f60
203,0:16:55,#948c84,#262318,#c2b785,#737a46,#87a258
204,0:17:00,#271f19,#867464,#694d31,#ae7e4e,#8c8454
205,0:17:05,#271d19,#70552d,#ad8242,#859038,#545754
206,0:17:10,#2c1d19,#aa7347,#cea560,#746737,#818c74
207,0:17:15,#86473f,#5b3826,#1f1d19,#636044,#48465d
208,0:17:20,#865047,#5c3c28,#1f1d19,#656652,#4c4a5e
209,0:17:25,#301e16,#724122,#b09f82,#82886b,#526783
21,0:01:45,#bcbaac,#667f52,#273622,#2a502b,#529cae
210,0:17:30,#c39169,#8b5b33,#403220,#9da448,#546a83
211,0:17:35,#312320,#8d614b,#d19f75,#8a847d,#8ba36f
212,0:17:40,#9d7250,#725129,#241f18,#9c966b,#767b88
213,0:17:45,#483623,#8e6e4c,#bea17c,#949589,#7a8887
214,0:17:50,#221413,#784b33,#a98444,#828965,#616d7f
215,0:17:55,#34231b,#804e28,#b68d5f,#828672,#80797d
216,0:18:00,#311c17,#82513a,#c2895c,#949469,#626685
217,0:18:05,#8f6d5c,#3f2b15,#cac3a3,#91a174,#71828c
218,0:18:10,#923d34,#2b1d1a,#ca8472,#a19d75,#5c758a
219,0:18:15,#832a29,#b78168,#32241c,#879177,#64758a
22,0:01:50,#978572,#304123,#578647,#acc3bd,#55939f
220,0:18:20,#9d786e,#d2987e,#a2a28c,#749295,#403538
221,0:18:25,#291e1a,#755036,#a2a06a,#768089,#a1252b
222,0:18:30,#6d4035,#1d1917,#ba7853,#74774e,#61566d
223,0:18:35,#977464,#d5a66c,#86663a,#2a2417,#868642
224,0:18:40,#807d70,#565d51,#1f2a22,#607d7c,#3d5775
225,0:18:45,#807d72,#575e49,#1f2921,#617c7b,#3e556f
226,0:18:50,#786a57,#20261d,#517043,#555c5d,#627485
227,0:18:55,#8f826f,#5d615a,#232923,#738486,#566d88
228,0:19:00,#8d7f6c,#22231d,#60625c,#738383,#6a7275
229,0:19:05,#8f836f,#626152,#252522,#727c7c,#506183
23,0:01:55,#b8ac90,#6c714c,#a0ad71,#1c2415,#99a199
230,0:19:10,#55342e,#1e1a19,#84685d,#696e52,#5b5868
231,0:19:15,#645443,#93734e,#766a5c,#2c2822,#7d7b72
232,0:19:20,#76615c,#d88750,#8e603d,#4e3b28,#a48458
233,0:19:25,#787165,#1e211c,#69756e,#535b5d,#60686c
234,0:19:30,#8e826e,#61625b,#232522,#6e818a,#4c6380
235,0:19:35,#826a5f,#8c8371,#646253,#242522,#506183
236,0:19:40,#786e60,#1d211d,#6a7576,#62696d,#53595f
237,0:19:45,#8f836f,#646253,#242521,#727c7c,#4c5e7f
238,0:19:50,#926565,#7f5839,#d9a86d,#292317,#808859
239,0:19:55,#696a48,#4d6142,#1a1e18,#5e6e7b,#233450
24,0:02:00,#b5a47e,#958c76,#818b46,#85aa50,#3c4e25
240,0:20:00,#675d4b,#918162,#1f251d,#728176,#545c64
241,0:20:05,#7a755e,#4e4e37,#586932,#1b1d1a,#3c4e6a
242,0:20:10,#7a6c44,#4c4826,#586a3b,#1b1d19,#3a4d6b
243,0:20:15,#cfab78,#826b47,#2e301e,#8a984c,#7d707f
244,0:20:20,#7c6d5b,#5c634d,#57793d,#1f2721,#405876
245,0:20:25,#776b5e,#4d6f3c,#344d30,#1b201e,#374d6a
246,0:20:30,#6d2c26,#1e1615,#b3816c,#827a74,#8a846d
247,0:20:35,#7c7474,#6c2d26,#af6051,#1d1614,#82806d
248,0:20:40,#6d3526,#1d1614,#ba7648,#807971,#83896c
249,0:20:45,#3d3937,#7a796b,#555f51,#53474c,#1a1617
25,0:02:05,#c5b9a8,#1a1b17,#90b259,#566350,#949fa4
250,0:20:50,#9c7c71,#77736e,#5f5b4e,#7c8373,#1b1b1d
251,0:20:55,#646464,#1d1b1a,#847e6c,#4f5645,#626c5b
252,0:21:00,#3e3939,#79796b,#535d4c,#484854,#191314
253,0:21:05,#3e3939,#747165,#525c4b,#484854,#191314
254,0:21:10,#3e3a39,#757266,#525c4b,#4c4c54,#191314
255,0:21:15,#3f3e3e,#5e544f,#696d5f,#504f54,#1a1314
256,0:21:20,#757066,#525c4c,#4e4e54,#191314,#3f3839
257,0:21:25,#201a19,#7c6b5c,#473c30,#55554e,#4c4c54
258,0:21:30,#201a19,#473832,#787769,#596055,#5c545c
259,0:21:35,#211b1a,#473a32,#7a7769,#54624c,#535354
26,0:02:10,#b9b2ac,#3d3a30,#797256,#a9aa79,#87b05f
260,0:21:40,#5b3c2f,#4a4f48,#3e4854,#1c181c,#9d5456
261,0:21:45,#796b5b,#4c443a,#535e4f,#5c545c,#231f23
262,0:21:50,#3f3930,#575238,#4b4c3a,#221e25,#4c444c
263,0:21:55,#766a5c,#40372c,#505849,#4e494c,#1c1618
264,0:22:00,#6c6464,#745d4f,#847f6c,#535b4c,#241619
265,0:22:05,#302a24,#736c64,#928169,#6a6554,#607455
266,0:22:10,#302926,#80746c,#715f42,#a88d5c,#847c5c
267,0:22:15,#302a24,#594632,#68645c,#91846a,#676e59
268,0:22:20,#896441,#322d26,#564b39,#5d5c54,#4c534c
269,0:22:25,#171414,#4b4336,#7d6435,#58544c,#645c35
27,0:02:15,#bdadaa,#767871,#333738,#89aab5,#2c80a5
270,0:22:30,#8c847c,#a27949,#6a5b3f,#24221e,#8c8e5c
271,0:22:35,#887c74,#24211e,#a37b4a,#6c5b3d,#89a353
272,0:22:40,#a47d4c,#22201d,#6e5837,#8c8474,#8aa754
273,0:22:45,#23201d,#9e7340,#6f5735,#888474,#797c7c
274,0:22:50,#261e1b,#78706c,#a8653d,#6d472f,#7a805a
275,0:22:55,#251d1a,#b0663d,#6d422a,#7c746c,#827d5f
276,0:23:00,#251d1a,#6e4028,#b0643a,#887c6c,#879359
277,0:23:05,#241d1b,#8c7c74,#ad6139,#6c422b,#8a8c5c
278,0:23:10,#3a211d,#873a2a,#bb5735,#988458,#7c6a76
279,0:23:15,#887878,#3b241e,#813d27,#bb6a43,#978767
28,0:02:20,#cda393,#7eaeb8,#1c80a7,#7f8182,#3f4447
280,0:23:20,#847c7c,#341e1a,#783322,#b27965,#948c84
281,0:23:25,#3e2521,#7d4333,#b8844c,#888474,#999479
282,0:23:30,#3d2520,#834934,#908274,#b6824a,#979976
283,0:23:35,#3d2520,#814635,#b17145,#979676,#94848c
284,0:23:40,#362924,#7f5743,#948c84,#c4a176,#9ab859
285,0:23:45,#241b19,#745b4d,#8c847c,#b3a67b,#869165
286,0:23:50,#704941,#241c19,#847c74,#9c8867,#83846b
287,0:23:55,#724b42,#211917,#877b74,#a4906b,#84846b
288,0:24:00,#927e7c,#3a241e,#814330,#c47947,#979876
289,0:24:05,#985e5c,#471e1b,#953328,#e05331,#ac9474
29,0:02:25,#b6a77f,#858d4b,#8db057,#394727,#8d9b9f
290,0:24:10,#191413,#4b2f25,#8b5336,#b76f3e,#745c44
291,0:24:15,#a48c84,#4b2f25,#8d5638,#bd7542,#9dab62
292,0:24:20,#4b2f25,#8d5538,#bc713f,#9c9484,#d1bb8c
293,0:24:25,#3b2721,#845b45,#8c847c,#c8a97d,#93b454
294,0:24:30,#392620,#7f5844,#bb9267,#898885,#92b654
295,0:24:35,#3a2721,#88624c,#d2ba94,#84847c,#97b358
296,0:24:40,#482f29,#94583d,#ce9c70,#a2af70,#9e8996
297,0:24:45,#a18c8c,#4b312a,#985a40,#cf9d71,#a2af70
298,0:24:50,#8c847e,#2f261f,#c7b984,#717643,#7e944d
299,0:24:55,#8c8484,#2f261f,#cabb89,#717a43,#899e55
3,0:00:15,#cfbb9b,#41593f,#86314e,#d67793,#792a3c
30,0:02:30,#978f6c,#676f4b,#2c3a21,#6a9150,#7a7c7e
300,0:25:00,#352220,#7c4c36,#c38c4c,#908c6d,#6b466d
301,0:25:05,#342220,#7c4e38,#c18a4a,#8d8c6f,#76506d
302,0:25:10,#3a2722,#845140,#c28e61,#95ad62,#97838a
303,0:25:15,#3b2823,#845140,#c49266,#918b7d,#94ad62
304,0:25:20,#3c2826,#844439,#b86344,#90798d,#958892
305,0:25:25,#2f251f,#8b806c,#c3b584,#6e7c43,#819652
306,0:25:30,#804834,#3d271f,#b97e59,#8e8b74,#95a765
307,0:25:35,#814936,#3c271f,#b47753,#948c84,#959d72
308,0:25:40,#251e1d,#7f6847,#b49565,#8b8c7d,#898284
309,0:25:45,#241d1c,#7c6343,#b79867,#88857a,#807b7c
31,0:02:35,#542e25,#db9988,#8b8167,#2d2f28,#bfb7c2
310,0:25:50,#36231e,#794c39,#928a86,#d6b28b,#94b15d
311,0:25:55,#4e3429,#8c6249,#989187,#dfc499,#96b958
312,0:26:00,#523328,#92705b,#98928c,#e1bf98,#96b958
313,0:26:05,#513228,#91644e,#dfba91,#979285,#96b958
314,0:26:10,#4c3127,#1b1614,#804c36,#66543f,#514b4c
315,0:26:15,#3d2824,#947c74,#7d5140,#cd703b,#8e8d6c
316,0:26:20,#8e513d,#4b2d1c,#9f9285,#dbb894,#9eb565
317,0:26:25,#8d513e,#4b2d1c,#948880,#d8ba96,#9eb664
318,0:26:30,#603e2f,#9e8174,#2f2621,#6e6964,#747468
319,0:26:35,#5d4132,#9a8275,#2a221d,#746c64,#74746c
32,0:02:40,#947e61,#6b6b4c,#39422a,#82a065,#82897c
320,0:26:40,#988c8c,#88533a,#4d3326,#d6b791,#9cb268
321,0:26:45,#3c2f25,#948e87,#8e6b41,#d5b67c,#9c9c8b
322,0:26:50,#4a3126,#824f37,#978880,#cfb188,#9ab068
323,0:26:55,#4a3126,#825137,#988c85,#d6b68e,#9db169
324,0:27:00,#716c6c,#734940,#96685a,#332723,#7a746c
325,0:27:05,#2f2321,#ae5441,#73463c,#8a8473,#705a7d
326,0:27:10,#261812,#603e2b,#a49484,#e0c09b,#9fab71
327,0:27:15,#271913,#6c4732,#e2c29c,#a59b8c,#9eb567
328,0:27:20,#804c37,#39271f,#cea77e,#9a9385,#9bac6e
329,0:27:25,#928a87,#35251f,#794734,#c3a77f,#909c72
33,0:02:45,#ceb994,#948667,#a4c366,#3d4a45,#5c93a7
330,0:27:30,#663129,#a08c84,#201612,#cf754b,#a4b354
331,0:27:35,#71221e,#e08a7e,#d75427,#f9db60,#3b1b1c
332,0:27:40,#988c8c,#3c1f1d,#853c2e,#d07444,#869953
333,0:27:45,#37211c,#875038,#d17844,#93897c,#99b757
334,0:27:50,#6f403b,#3a2723,#857a74,#8c847c,#c7b8a4
335,0:27:55,#6f413b,#3a2723,#847c74,#c7b7a4,#8c847a
336,0:28:00,#3e2a24,#956b4b,#c99766,#99b859,#9b8594
337,0:28:05,#352420,#7a4435,#bb7d57,#7a7c49,#73406c
338,0:28:10,#824b3e,#3b2721,#ce9c72,#8e956e,#958194
339,0:28:15,#3a2b20,#908b87,#8e795e,#d5b58b,#97ae65
34,0:02:50,#202315,#797e68,#4b503a,#4f7235,#5c645c
340,0:28:20,#342622,#785340,#cc9067,#7b5d6c,#918082
341,0:28:25,#8d6d54,#c58f64,#94908c,#392d21,#99bc55
342,0:28:30,#36201b,#804330,#be7d50,#8a8275,#8e936d
343,0:28:35,#6f3b25,#342118,#816a5f,#9c674a,#7a7b5c
344,0:28:40,#b67157,#7a4931,#332219,#887c63,#444c6c
345,0:28:45,#34211d,#7f4335,#c2816b,#949888,#838386
346,0:28:50,#35221f,#7d3c30,#c1896c,#8d9686,#7c8188
347,0:28:55,#ca816b,#3d231b,#814732,#867d74,#909b72
348,0:29:00,#948c8c,#2d1f18,#7f6b5a,#ceb497,#72c872
349,0:29:05,#8c664e,#ba8d68,#3c3023,#8f8b86,#94ac62
35,0:02:55,#917865,#cfa573,#9bbe60,#333934,#5593a4
350,0:29:10,#3a221d,#783f2f,#94847e,#c28365,#92976e
351,0:29:15,#865e48,#b48a62,#3c3022,#928b7c,#93ad60
352,0:29:20,#382826,#7d4e3d,#c7936c,#929185,#927a90
353,0:29:25,#948c8c,#a44942,#d7836e,#563321,#aaa592
354,0:29:30,#a14c45,#d79075,#553423,#aba591,#8c8c84
355,0:29:35,#362320,#7b3c2e,#8c807c,#ba8556,#919073
356,0:29:40,#382320,#824030,#c18f5e,#949771,#99818c
357,0:29:45,#36231e,#84503f,#968c86,#c09474,#95a667
358,0:29:50,#45291f,#884b35,#cc916f,#98ab68,#8d7a7c
359,0:29:55,#442820,#884a35,#cd8a6d,#99a96a,#8c747c
36,0:03:00,#a18568,#6b6e4c,#7e816d,#5e8c41,#23321a
360,0:30:00,#46291e,#85472f,#c79c65,#97a072,#8a767d
361,0:30:05,#948c8c,#744030,#33231a,#c0a691,#75c574
362,0:30:10,#948984,#3c261b,#845239,#daa387,#96b65b
363,0:30:15,#3b261b,#835438,#948a84,#debf9a,#95b758
364,0:30:20,#33201c,#773b2e,#b36647,#7d7c5a,#514a64
365,0:30:25,#3c261b,#84563c,#8d867c,#dec7a3,#95b35b
366,0:30:30,#1f1514,#8c645c,#693c29,#b36a4b,#846c5c
367,0:30:35,#251a19,#713f33,#bb6f5a,#859972,#45506c
368,0:30:40,#231919,#704036,#bf9371,#8c8474,#778f48
369,0:30:45,#171010,#673c2b,#c18051,#795c3f,#605056
37,0:03:05,#d3685f,#6c453d,#1d1614,#9ca7a0,#848894
370,0:30:50,#8f827d,#30241b,#ae9c7e,#6d653f,#90aa5c
371,0:30:55,#823a39,#bb8d75,#31241a,#857c74,#899c64
372,0:31:00,#371b1a,#96817c,#b5a27e,#881f27,#ab323a
373,0:31:05,#1f1511,#7c6c64,#714827,#af793f,#8a7c3b
374,0:31:10,#bd8f77,#7f583d,#98937b,#7a7c8b,#2f1c24
375,0:31:15,#3e1f13,#93431f,#c68540,#a8a093,#88847d
376,0:31:20,#946c64,#331c13,#86401b,#b9742a,#8f7e45
377,0:31:25,#8f4e3d,#3d281f,#cfa27f,#968b82,#a1a57c
378,0:31:30,#874430,#372019,#c7ac91,#87827c,#9c9b7f
379,0:31:35,#a7665b,#35221b,#c4b292,#ae852d,#851821
38,0:03:10,#924f44,#77584e,#373126,#7e937e,#687c7c
380,0:31:40,#2b1c17,#74422c,#d5b990,#ae9f6a,#668686
381,0:31:45,#2b1d18,#74432d,#c47d4a,#d4c199,#85978f
382,0:31:50,#794730,#2c1f19,#ca865b,#d5c4a1,#93a097
383,0:31:55,#7b473d,#34241f,#ca7c61,#d2be96,#a7929b
384,0:32:00,#835342,#b1966a,#f2e0bd,#d9c68a,#7a774d
385,0:32:05,#6d4331,#b9a78d,#c99d5c,#b09251,#d2bf82
386,0:32:10,#8c5b46,#352a25,#c29770,#959287,#9c9d85
387,0:32:15,#241614,#773d28,#c7965b,#a39560,#a77d80
388,0:32:20,#53251d,#a55f31,#d4bc98,#ad9968,#ad8087
389,0:32:25,#7c3a23,#211b18,#8d8985,#dbb580,#a6a681
39,0:03:15,#b3aca1,#565d51,#1e211e,#9cacab,#9299a1
390,0:32:30,#968685,#512c21,#a1583d,#d0b290,#aba06d
391,0:32:35,#87512e,#c5884a,#342d1c,#949386,#9fa382
392,0:32:40,#752523,#2d1713,#b48530,#d7c9ac,#817a5e
393,0:32:45,#381d1a,#914031,#cb9f64,#a09f7c,#4d6584
394,0:32:50,#988672,#8d6e42,#695d43,#d7ccaf,#691d21
395,0:32:55,#942d2d,#37211e,#bf975f,#e3d5aa,#e3dab6
396,0:33:00,#7c372d,#342218,#9a6a2b,#786952,#bba583
397,0:33:05,#2b1916,#845034,#d49244,#e0cb93,#a6a28f
398,0:33:10,#2c1a16,#824f34,#d38f45,#dfc98f,#a2a28f
399,0:33:15,#8a2921,#431e18,#9f886f,#dbceb0,#857f45
4,0:00:20,#81c473,#486c47,#8c3048,#d77588,#7b2632
40,0:03:20,#c5b7b6,#565e52,#1d201f,#9fafaf,#909ea2
400,0:33:20,#341c1c,#a9837c,#8e3b29,#dac7ab,#aa9678
401,0:33:25,#352020,#ba8b5d,#e1d5b6,#e8cd77,#8e2425
402,0:33:30,#8c8484,#daceb0,#9ca077,#32171a,#c9222c
403,0:33:35,#682f1d,#2c1a14,#975127,#5d6840,#564b53
404,0:33:40,#a08a80,#473428,#957758,#c19d70,#ab946c
405,0:33:45,#7b3924,#322017,#8e837d,#d3bb9f,#8d8f69
406,0:33:50,#882922,#47251b,#a68641,#8f8369,#dbcfb0
407,0:33:55,#371b17,#8d816a,#8c7445,#d8ccaf,#aa292a
408,0:34:00,#2e2521,#171311,#3e312a,#343c2f,#232138
409,0:34:05,#a86643,#221c18,#8c867c,#715e3e,#bdb397
41,0:03:25,#1b1414,#7b5852,#e0c7b7,#aabb99,#91a1a2
410,0:34:10,#8a8484,#6f533a,#bc9e82,#1f1b17,#889270
411,0:34:15,#221e1c,#72553a,#b7a388,#85837c,#909175
412,0:34:20,#2a221e,#aa7354,#c3b396,#766643,#848684
413,0:34:25,#191515,#3e3837,#757164,#475b4c,#252a59
414,0:34:30,#888585,#b29160,#7a6d4b,#2b2c22,#879565
415,0:34:35,#b39261,#7a6d4b,#2b2c22,#899965,#7c8484
416,0:34:40,#201b15,#6d512f,#b7884e,#786854,#897542
417,0:34:45,#29211d,#756045,#bea378,#8e8f74,#54648a
418,0:34:50,#32221f,#7e6541,#af8d5c,#8d8b73,#545f7c
419,0:34:55,#30231a,#714c32,#c3a77c,#929275,#7d6787
42,0:03:30,#ba9b7f,#788c4f,#86aa4d,#35432b,#8e939c
420,0:35:00,#271313,#8c5654,#704723,#be9b41,#8b7c30
421,0:35:05,#4f2621,#1e1613,#ba8e4f,#948861,#426378
422,0:35:10,#3c2921,#8e5f33,#c49351,#908a7c,#959f6e
423,0:35:15,#29241e,#6b6245,#c6b98b,#83955a,#707087
424,0:35:20,#2c271f,#73694a,#cbbf90,#929675,#8d848d
425,0:35:25,#2c1d17,#aa6939,#8c8076,#d7b061,#736136
426,0:35:30,#887474,#67322a,#bb6950,#87886d,#1b1011
427,0:35:35,#692e29,#bd654c,#886e64,#858563,#1c1011
428,0:35:40,#361e1a,#af583d,#87492d,#938d4d,#888088
429,0:35:45,#281513,#773a2e,#c56c4f,#8d865c,#7c747c
43,0:03:35,#1c1c1c,#120b0b,#1c0d0b,#24120c,#181314
430,0:35:50,#241412,#70372c,#be6a4e,#8a8543,#7d7b7c
431,0:35:55,#231111,#71352b,#be6b4f,#87824d,#7b7479
432,0:36:00,#1f1512,#724a39,#c0876c,#8b8469,#5f6777
433,0:36:05,#271d1b,#89735b,#cfad7e,#889976,#476185
434,0:36:10,#7c7474,#1f1717,#6c3d39,#a3866a,#848564
435,0:36:15,#5b2e25,#998260,#e0d0b4,#e0bf83,#2b2a2f
436,0:36:20,#9c815f,#e0bb81,#97be75,#a09abb,#373233
437,0:36:25,#5a2f24,#d1c5bc,#675948,#bda173,#2a2b31
438,0:36:30,#292020,#8a7056,#c6a074,#8d9467,#32547d
439,0:36:35,#583a20,#967a5a,#deb483,#29323e,#c0b8c0
44,0:03:40,#dbbd82,#756b56,#2e2b1d,#b2b49e,#8ea4a4
440,0:36:40,#6e423f,#261f1c,#807874,#a3876b,#858a62
441,0:36:45,#6f4441,#27201c,#a48469,#828760,#8c6c74
442,0:36:50,#2d2928,#a69f9c,#9b825e,#dbb985,#8a889a
443,0:36:55,#302c2b,#ddb786,#9d835f,#7abc95,#9c97b2
444,0:37:00,#5c3625,#2d2119,#b09d8c,#856734,#f6e6a5
445,0:37:05,#6c4439,#231b17,#867c74,#ac956c,#878966
446,0:37:10,#847876,#211714,#76655a,#b49e89,#859656
447,0:37:15,#221714,#6f4936,#c0a484,#84994f,#69697b
448,0:37:20,#221714,#6f4935,#c0a484,#84994e,#5d667b
449,0:37:25,#5f3721,#dfb282,#967959,#293039,#bdb4c0
45,0:03:45,#ddae87,#4c3a26,#d4cec5,#8a7f6a,#322b1b
450,0:37:30,#847c7c,#6e4240,#27201c,#a3886c,#878a67
451,0:37:35,#734946,#291f1c,#897b74,#ad886a,#938c73
452,0:37:40,#1c1413,#6d4f34,#d3af84,#83b18f,#8c8992
453,0:37:45,#806c56,#bc9d7a,#7d8f83,#506584,#1c1c1e
454,0:37:50,#887059,#cda87f,#89ab75,#1f2227,#8b88a1
455,0:37:55,#887059,#cda67e,#6bb373,#5b6b86,#262528
456,0:38:00,#89715a,#cea67c,#73a170,#26272e,#86829b
457,0:38:05,#251c17,#492e1f,#8b7057,#d9c4a6,#e4b769
458,0:38:10,#1a1211,#d89a7c,#7b604e,#9d9a94,#a8a98f
459,0:38:15,#30241f,#da9777,#98735a,#95948a,#8d8792
46,0:03:50,#e0ae9a,#4e3927,#92887a,#362f20,#59522f
460,0:38:20,#2e1e19,#c37f64,#785037,#85817e,#819650
461,0:38:25,#2a1918,#8a6535,#6c665c,#464145,#5f2023
462,0:38:30,#755a4e,#a78866,#5fbc7f,#202228,#84828f
463,0:38:35,#682423,#271514,#907e61,#c6ac81,#405875
464,0:38:40,#746c6c,#a6977e,#565537,#738055,#1b1517
465,0:38:45,#917559,#d1b186,#9e947c,#475d86,#3f2021
466,0:38:50,#744531,#c4a881,#8b8069,#4c607a,#3d1a1b
467,0:38:55,#8c7053,#cdb083,#92907d,#576686,#3e1e20
468,0:39:00,#85694d,#cab386,#948e76,#55647a,#3c1c1d
469,0:39:05,#a08459,#6a805a,#626760,#641a1f,#2a1819
47,0:03:55,#c79594,#231815,#7b4c3b,#93929a,#807a85
470,0:39:10,#686464,#9a8c71,#565338,#66744d,#1c1415
471,0:39:15,#32241d,#82684e,#bea37c,#8ea084,#707e92
472,0:39:20,#766c6c,#261c1c,#9d8673,#595138,#6f775d
473,0:39:25,#251a15,#74593f,#ba9e79,#878c82,#717387
474,0:39:30,#251b19,#715540,#bca07c,#7f906c,#4c6086
475,0:39:35,#271b18,#7b6450,#bfa582,#8f8f7f,#3d587d
476,0:39:40,#281f1b,#7b4f3a,#bb7957,#8f8875,#909767
477,0:39:45,#b2644d,#807d7c,#291f1b,#7e5642,#d2bf82
478,0:39:50,#7b4f46,#c0a481,#6eb88a,#7e7c91,#282126
479,0:39:55,#7b433e,#c3a17c,#7ba29b,#6d7491,#28242b
48,0:04:00,#602f2c,#a77f7c,#313421,#b2c97f,#c1bec6
480,0:40:00,#3a251e,#d79e7f,#9a8e85,#94794c,#a5b857
481,0:40:05,#8f5e41,#cea57d,#a19573,#596887,#2c2425
482,0:40:10,#2c201d,#a07750,#d5caaf,#7d7864,#a82a42
483,0:40:15,#3f3521,#877e68,#74694c,#d1c8ae,#6c644b
484,0:40:20,#cbc0b8,#5b3f22,#deb281,#987c5c,#2a2f36
485,0:40:25,#867474,#271f1f,#6b4240,#a48366,#868a66
486,0:40:30,#75423e,#847774,#b08565,#938c73,#292021
487,0:40:35,#63403a,#1d1715,#77736c,#a3987f,#798371
488,0:40:40,#5e463d,#1d1a17,#a8a38f,#7a7f6d,#40697e
489,0:40:45,#574139,#1c1917,#a6a28d,#717666,#40667b
49,0:04:05,#612f29,#a5837c,#333523,#bcc98c,#c2bfc8
490,0:40:50,#241c1c,#5a3a2b,#834e33,#443e44,#5e5455
491,0:40:55,#361b16,#7a532f,#8c8174,#ccbd8d,#86975c
492,0:41:00,#843329,#3d1e1a,#d3c1a1,#959586,#446f91
493,0:41:05,#361a15,#94837c,#7d5833,#d2bf90,#9aac6a
494,0:41:10,#67564b,#a77751,#6e787e,#576073,#2a2732
495,0:41:15,#aa6d60,#332821,#c0b396,#7b7258,#8a6093
496,0:41:20,#d8a173,#967757,#493a27,#8db291,#6f9399
497,0:41:25,#26201c,#d5b692,#72624d,#94b0a3,#889a9f
498,0:41:30,#3c362f,#978764,#d4c6a4,#a2a58b,#467395
499,0:41:35,#3c372e,#978764,#d1c4a2,#a2a48c,#457395
5,0:00:25,#cf9d85,#9b745a,#97b961,#918a94,#3a3639
50,0:04:10,#8d5b50,#caa898,#3d442a,#89a763,#949299
500,0:41:40,#3a342d,#988764,#d7c7a3,#a7ab95,#437295
501,0:41:45,#dba177,#7c694a,#2f2c22,#dbd2ab,#a5ad9f
502,0:41:50,#a17d5e,#d9b385,#544832,#9fb38f,#889899
503,0:41:55,#d1987c,#866a50,#3d3429,#969184,#98b25f
504,0:42:00,#846e51,#3c3429,#999485,#cabd90,#99b260
505,0:42:05,#c68370,#97847c,#876c4a,#3e392f,#968d75
506,0:42:10,#221d1b,#a77d6a,#658c91,#445260,#874041
507,0:42:15,#965f59,#695a41,#81925f,#4b6476,#2c2e34
508,0:42:20,#965e58,#675e42,#7f9161,#4e6b7c,#2c2e35
509,0:42:25,#333333,#9a8d73,#607343,#748959,#4f6a7d
51,0:04:15,#c2bb8e,#848960,#93a96c,#38462b,#909692
510,0:42:30,#363130,#bb8564,#805f41,#9aa972,#476784
511,0:42:35,#b47d5d,#372e28,#795a40,#8c9c65,#4b6283
512,0:42:40,#252020,#6f4b39,#be966e,#9c9385,#9ca776
513,0:42:45,#924f44,#d78b7a,#4e3a28,#9ab266,#6e7d84
514,0:42:50,#da5d5a,#80593f,#2a2019,#9c9b84,#c3c68f
515,0:42:55,#885142,#ce8a74,#392c24,#9b9884,#567684
516,0:43:00,#848484,#d57a6b,#864c3d,#372b24,#9b9984
517,0:43:05,#da8d7c,#7e583e,#282118,#9c9b84,#9cba61
518,0:43:10,#ba795e,#865e42,#3c3129,#99b267,#55567d
519,0:43:15,#b77e5f,#865e43,#3c322a,#99b264,#575884
52,0:04:20,#cdc892,#6c7c5b,#313929,#89a378,#808d94
520,0:43:20,#b88162,#865e43,#3c3128,#99b166,#56577d
521,0:43:25,#b4a591,#666553,#7a8c88,#51828c,#28292a
522,0:43:30,#c2bda8,#838c86,#787c7a,#69768c,#21232e
523,0:43:35,#70695b,#b1a68e,#8995a3,#687489,#25272f
524,0:43:40,#b3a890,#6c6b62,#858c85,#6b7685,#262830
525,0:43:45,#686960,#556c6f,#192026,#3e4e63,#60799c
526,0:43:50,#14191a,#8495a2,#4b5971,#1b2335,#7c8395
527,0:43:55,#8a9aa4,#313840,#7b8ca0,#24344c,#505e78
528,0:44:00,#9f9d91,#686863,#8b959d,#6a7789,#262830
529,0:44:05,#a0baae,#7fbcbc,#6299b0,#4d748c,#435e84
53,0:04:25,#c6bf95,#7f8956,#92a971,#36482e,#8a9496
530,0:44:10,#57767a,#2f444e,#456475,#211a23,#774d53
531,0:44:15,#342c28,#6e5d4b,#978f72,#838468,#55536e
532,0:44:20,#332725,#64473f,#957865,#7c745c,#4c5474
533,0:44:25,#352827,#6b4d41,#927864,#7e745d,#4a4f6c
534,0:44:30,#6a6464,#7b514f,#2e2d2a,#6c6c5c,#5b3940
535,0:44:35,#7c5250,#605d5c,#2e2d2a,#6c6c66,#5b3940
536,0:44:40,#7d5551,#6b6450,#2e2d2a,#4a4e5c,#5b3940
537,0:44:45,#96806f,#33312e,#747466,#6c646c,#633b44
538,0:44:50,#7b5751,#2c2b27,#646443,#3c4b5c,#5a3940
539,0:44:55,#83675b,#2c2b26,#646441,#3d4c5c,#5b3b41
54,0:04:30,#c5be93,#838c5a,#92a972,#384a30,#8a9396
540,0:45:00,#7c5a52,#2b2a25,#64643f,#3c4954,#5b3a40
541,0:45:05,#7c5a52,#2b2a25,#646440,#3c4a54,#5b3a41
542,0:45:10,#311f1f,#937364,#635041,#706c52,#54526b
543,0:45:15,#413e35,#adab94,#80816d,#97a18f,#7d887d
544,0:45:20,#b7b09c,#413e35,#868372,#979887,#a4aa95
545,0:45:25,#292524,#827e76,#6e7970,#5a5e5d,#70797c
546,0:45:30,#635551,#8b7360,#626170,#777477,#32292b
547,0:45:35,#625450,#8b7362,#5b5c6e,#756e70,#32292b
548,0:45:40,#b6736d,#382b26,#937d69,#6b6674,#7d4243
549,0:45:45,#181414,#4a413e,#7d7067,#6c6c67,#6c646c
55,0:04:35,#805955,#29231c,#9e8c75,#809165,#828285
550,0:45:50,#bd7d70,#939284,#757f8c,#3e3839,#8f4b4f
551,0:45:55,#86544e,#c0746a,#857f7e,#453933,#8f8e86
552,0:46:00,#c1726c,#865953,#8a8685,#453933,#919684
553,0:46:05,#85807f,#181312,#473a34,#716c69,#717074
554,0:46:10,#71706e,#616569,#4a4a4e,#595964,#211f22
555,0:46:15,#d27571,#4d4742,#9ca89c,#70937e,#b7dac6
556,0:46:20,#b68378,#2b271e,#6c6450,#95948c,#979f8b
557,0:46:25,#5a3432,#5e5838,#a6b294,#d1d9cf,#496356
558,0:46:30,#6f5959,#9e9896,#798781,#78787d,#373335
559,0:46:35,#745a58,#a39b99,#828a88,#79787d,#3a3537
56,0:04:40,#4c3836,#63554d,#535455,#4b4b58,#150e0f
560,0:46:40,#d4b3a5,#574d2d,#919783,#2e3423,#78272e
561,0:46:45,#dab9af,#21201c,#717a3d,#9ba991,#a12b35
562,0:46:50,#2a2727,#8b6c45,#acae98,#6c9993,#9c2a35
563,0:46:55,#2a2727,#8a6b44,#abae98,#6c9791,#9c2b35
564,0:47:00,#a0594f,#d3877c,#523d35,#6d9453,#94c3bc
565,0:47:05,#d6917d,#9f968e,#988440,#454725,#7abfb3
566,0:47:10,#ca8779,#8c5b4c,#403f25,#7bb7a2,#938b8c
567,0:47:15,#905049,#d88678,#3c3627,#9bb08d,#587c8d
568,0:47:20,#d3a6a6,#493c37,#aab3a0,#9c81a2,#9c465f
569,0:47:25,#ea6a66,#7f604c,#c5b689,#313126,#bc9da0
57,0:04:45,#544c4c,#150c0c,#665243,#5a6258,#46262d
570,0:47:30,#ea6966,#805f4c,#c7b787,#313025,#c09da0
571,0:47:35,#898888,#322923,#796659,#c8c090,#969886
572,0:47:40,#aa9484,#241b14,#887f74,#5f5242,#918d70
573,0:47:45,#b68a6b,#393024,#bdb484,#718a55,#808982
574,0:47:50,#c4ae81,#7d7c54,#343523,#8ba76e,#7e8581
575,0:47:55,#704440,#966c5e,#716e6c,#392f28,#7e7d68
576,0:48:00,#2f221a,#49372a,#9b8878,#605345,#574633
577,0:48:05,#7e655e,#2e281f,#b8c2ad,#8fbc9a,#85848c
578,0:48:10,#30221a,#48372b,#9c8878,#605345,#574633
579,0:48:15,#7f534a,#2c271e,#b4b4a1,#82bfb0,#7d8484
58,0:04:50,#110f0f,#3c3938,#5e5247,#4b5149,#423c4c
580,0:48:20,#806058,#b6ae9d,#2b271e,#85bfb0,#868b8c
581,0:48:25,#d2c7a4,#393d20,#81a14e,#385e33,#a4cbb6
582,0:48:30,#d79883,#312718,#657836,#a7c764,#82a7ad
583,0:48:35,#d89882,#948c4a,#4a5928,#8dba76,#a88da6
584,0:48:40,#d7a88b,#332d1b,#75923f,#32563c,#87afaf
585,0:48:45,#d7a489,#342c1b,#75913e,#325841,#83abad
586,0:48:50,#e1ae98,#362e1e,#acaca8,#6f8641,#2a4622
587,0:48:55,#dcac95,#968b52,#9cc25c,#4c622d,#a2a2a4
588,0:49:00,#e3b299,#a18659,#50602f,#a6c56e,#9d909f
589,0:49:05,#dcb898,#3b392a,#7d9949,#2f4f3d,#a5b2ae
59,0:04:55,#aa977c,#322c21,#6b5d3f,#848a89,#686f71
590,0:49:10,#dcb899,#393929,#7d9a49,#31512d,#a9b5ae
591,0:49:15,#5f443a,#dca881,#d5cfbd,#849f4e,#2d3a22
592,0:49:20,#d5a183,#39331f,#77963f,#325e49,#80acae
593,0:49:25,#d7a386,#342c1b,#75923f,#315538,#7cb0b1
594,0:49:30,#d38d77,#38291a,#9ac35d,#577232,#a58e9b
595,0:49:35,#cf8c75,#362a1a,#9bc35e,#587332,#a48e9b
596,0:49:40,#ce8c75,#362a1a,#9ac35d,#587332,#a6929e
597,0:49:45,#cd8a73,#362a1a,#9bc35e,#587332,#a38e9b
598,0:49:50,#cf8d75,#362a1b,#9bc35d,#587332,#a4929a
599,0:49:55,#cd8b74,#372a1b,#95be57,#556f31,#a48f9b
6,0:00:30,#cea286,#99795b,#98b16a,#5c92a6,#3c3a3d
60,0:05:00,#b19982,#322c21,#6c5f42,#858e8f,#767d82
600,0:50:00,#ddb192,#2f2e18,#708938,#abce63,#89aeac
601,0:50:05,#d7b18e,#2f2e18,#6f8937,#a7cd5e,#81aeae
602,0:50:10,#dcaf8f,#302e19,#708938,#abce63,#90b2af
603,0:50:15,#d8ae8c,#3c351f,#749239,#325835,#83aead
604,0:50:20,#561f1e,#c78776,#6b6d4a,#b3c0a0,#73a5a6
605,0:50:25,#ce9685,#73684a,#2f3c21,#95bd9b,#7aa5a5
606,0:50:30,#dc706a,#806d53,#c7cbaf,#345138,#8baead
607,0:50:35,#c49087,#372c26,#57a5a3,#828187,#7f383b
608,0:50:40,#4f673a,#bfcec6,#94d4b4,#35a3af,#62525d
609,0:50:45,#9b4846,#caa894,#76705d,#4c4737,#666242
61,0:05:05,#29241d,#787064,#9d8963,#5f5434,#787c5c
610,0:50:50,#b7ccc5,#7bb0b3,#1f98ac,#4aa3b3,#54bcd0
611,0:50:55,#bbb1a0,#676848,#6d8780,#45a3ae,#7c2d34
612,0:51:00,#b7af9d,#6a6948,#608f8f,#33686d,#882a34
613,0:51:05,#956247,#514136,#968980,#c89269,#a5a497
614,0:51:10,#c18064,#908580,#504037,#906746,#9ea69d
615,0:51:15,#1e1514,#db876e,#7a513c,#9c968c,#a3b085
616,0:51:20,#221a18,#5e4536,#bb8c6f,#92857c,#a2aa88
617,0:51:25,#221a18,#c39171,#5e4636,#a78f7c,#aaa081
618,0:51:30,#221a18,#5e4536,#bb9072,#96877c,#a1997f
619,0:51:35,#3d3a39,#756a63,#b4a292,#789ca9,#697e8a
62,0:05:10,#b49569,#867c6c,#322b1f,#705e3c,#888b69
620,0:51:40,#7f7d56,#696d52,#585b47,#5b5b5d,#36353b
621,0:51:45,#594632,#4c4c3c,#0b0e10,#403c4c,#26222a
622,0:51:50,#434c54,#3f485d,#2a2b39,#521d2b,#721d31
623,0:51:55,#62524b,#8f7657,#776d5a,#555468,#2d2834
624,0:52:00,#6f5745,#99785b,#82755d,#37333a,#7a6a6c
625,0:52:05,#904c43,#d78572,#423129,#a1948c,#a09c8a
626,0:52:10,#3b2d22,#83664b,#bc9976,#939084,#959c84
627,0:52:15,#9f5046,#4e3429,#deb9a0,#a6ada0,#807397
628,0:52:20,#2e1f1a,#724b36,#c69656,#d4ba89,#9d9ea1
629,0:52:25,#ce685e,#5b3824,#996645,#d7b99a,#a59c90
63,0:05:15,#c89a8b,#322a21,#866a47,#7c8087,#a3a3aa
630,0:52:30,#533729,#c7957b,#966544,#9f9285,#a9a08d
631,0:52:35,#a3938c,#d49e82,#9e6445,#553c2e,#96af8b
632,0:52:40,#2f2929,#b49c9c,#dd675f,#835142,#d6b493
633,0:52:45,#302822,#89694f,#d0a87c,#9d8d75,#867981
634,0:52:50,#312823,#886a4f,#cda67b,#9d9079,#847d86
635,0:52:55,#171414,#654f40,#a78967,#767e60,#786f75
636,0:53:00,#9c8c84,#d8b18a,#806244,#b39465,#1e1819
637,0:53:05,#403635,#88807d,#555f5e,#434766,#171519
638,0:53:10,#9f9285,#d8b18a,#816345,#b29c77,#1e1819
639,0:53:15,#8c807f,#5b5c5b,#131114,#5b545c,#452d31
64,0:05:20,#b6835f,#534930,#8c8a55,#bec277,#6c9294
640,0:53:20,#1c1514,#584432,#8b6f46,#7b6e51,#6f5b5f
641,0:53:25,#8a7d7c,#181211,#5a4633,#beac95,#948c7d
642,0:53:30,#5a3f35,#bf8058,#99694a,#dcc085,#b8989c
643,0:53:35,#32231d,#cf986f,#856b44,#e6c896,#a677ae
644,0:53:40,#63342c,#e3cfad,#a99366,#dfcc9b,#504d32
645,0:53:45,#943431,#d9a274,#ddc4a1,#978051,#363526
646,0:53:50,#943531,#d89e74,#d8c39c,#988252,#373526
647,0:53:55,#d17664,#e2b690,#6b4d30,#bbab99,#a58a62
648,0:54:00,#cb776c,#9d9997,#896750,#4b3f28,#a3a78f
649,0:54:05,#cda47e,#8a775f,#41392e,#9f988d,#a4a485
65,0:05:25,#dbb58b,#917e61,#393529,#a29b75,#8a8874
650,0:54:10,#e0d9bd,#998e61,#dbd2ab,#395042,#75262b
651,0:54:15,#c36f5e,#9a9794,#3c3429,#88775a,#c6b486
652,0:54:20,#403028,#d1bca6,#a78861,#d8ce94,#565544
653,0:54:25,#623a28,#322d28,#cdb8a1,#deb383,#a0835d
654,0:54:30,#282221,#987a57,#d6ab76,#95ac91,#80869b
655,0:54:35,#2a1b17,#894d34,#d0a372,#998f6e,#4e6386
656,0:54:40,#1d1616,#685740,#7a7368,#a08d6d,#848464
657,0:54:45,#756452,#b09975,#828488,#717187,#21202d
658,0:54:50,#926e65,#74747e,#656472,#211f2d,#574647
659,0:54:55,#a43d3d,#753c39,#5b5554,#788244,#352c2d
66,0:05:30,#c89b8b,#2f2720,#866b47,#7d7f87,#a3a3a9
660,0:55:00,#6e5c4e,#51495c,#322a37,#632f3a,#8f2a2f
661,0:55:05,#4c4c59,#484154,#2f2836,#5c2433,#8d1c2b
662,0:55:10,#1a1c1c,#5c515e,#3e3337,#a72932,#7d282e
663,0:55:15,#aa493c,#d16550,#523026,#ddbd80,#8594a9
664,0:55:20,#dc765b,#291e18,#895939,#e2c880,#a278ad
665,0:55:25,#de745f,#281e18,#8c5d35,#bea893,#e4cc7c
666,0:55:30,#a08f8e,#261916,#724336,#cc846a,#a59e7d
667,0:55:35,#be5e4c,#412b25,#c0a197,#6d3d2a,#e1bf82
668,0:55:40,#492c23,#b96c53,#d5a38d,#e4c882,#6d1f22
669,0:55:45,#a89996,#e18875,#76492a,#312618,#b1aa99
67,0:05:35,#96756f,#231f1a,#6e7c66,#77737c,#8d444b
670,0:55:50,#cea39d,#c0654b,#4a3026,#e4c886,#84232d
671,0:55:55,#de8577,#b29b8d,#784b2a,#33291a,#b2ab97
672,0:56:00,#3b2927,#b89f9c,#ba5d4b,#653a28,#e0be86
673,0:56:05,#917355,#d6b185,#8187a7,#a0a1a7,#29282c
674,0:56:10,#362a26,#bdab9d,#d6955f,#836340,#e5c49a
675,0:56:15,#733829,#3a241b,#b38355,#dbc3a7,#6d502e
676,0:56:20,#43372e,#dbcbb0,#b2965c,#f8d587,#5e5d3f
677,0:56:25,#3d342d,#dbcbb1,#b2965b,#f8d587,#535241
678,0:56:30,#423934,#856d4a,#797369,#bfc5a3,#61725d
679,0:56:35,#7e5232,#956840,#4b3c2e,#c8b799,#7d7463
68,0:05:40,#6e6a64,#231f18,#63522f,#978553,#7a7c5c
680,0:56:40,#5f2f28,#c56e56,#e0b88b,#6d5f47,#857233
681,0:56:45,#4f3223,#ad7c55,#59472f,#e7cea9,#dfbf8f
682,0:56:50,#8a4537,#c09367,#503b26,#80562b,#e9d1ad
683,0:56:55,#874635,#7f552b,#c19669,#513c25,#ecd4b1
684,0:57:00,#854733,#81552b,#c19366,#594027,#e9d1ad
685,0:57:05,#453c3a,#917b60,#917342,#cfbc91,#64695d
686,0:57:10,#9d4643,#433422,#cbb68e,#918b40,#808469
687,0:57:15,#bb9a78,#73542e,#4f3c24,#decdb5,#a53a3e
688,0:57:20,#6f4128,#33281a,#b89460,#ead8b7,#edd29c
689,0:57:25,#70472d,#2d2117,#c29e67,#ebd8b7,#f1d89d
69,0:05:45,#987b61,#d0c5b9,#423e2f,#979c8a,#a1ccc4
690,0:57:30,#a34242,#c7a57f,#3c3429,#7f6838,#d8d7c0
691,0:57:35,#6b452e,#1d160f,#c5a46e,#7d6740,#efddb6
692,0:57:40,#7d322b,#b9896a,#4c3d2a,#d9cdba,#e0c490
693,0:57:45,#6c452f,#1e160f,#c5a46f,#7c6740,#efddb6
694,0:57:50,#463329,#c79d7f,#76604f,#be8128,#992d30
695,0:57:55,#3f342f,#bb9b68,#f5d695,#e5d5b1,#595b4c
696,0:58:00,#51302a,#a55e42,#d8a567,#a8ad8a,#8869a3
697,0:58:05,#ae694b,#564033,#decca0,#9eab9a,#2d2c30
698,0:58:10,#754f44,#b5966d,#877c5d,#6e6e7c,#3a3341
699,0:58:15,#4b3c36,#8d5d47,#d8bd85,#94a572,#8394a3
7,0:00:35,#d28e83,#987862,#9da990,#8e9297,#373637
70,0:05:50,#a1665f,#a28a7c,#d0b49f,#afa58a,#1c1d14
700,0:58:20,#673423,#726054,#c0996d,#273347,#c5c2c4
701,0:58:25,#672e22,#b5946a,#ccc8c2,#ead790,#273144
702,0:58:30,#775143,#b18a6a,#938876,#4b455c,#362d36
703,0:58:35,#d9baad,#a08653,#554a2e,#d5c585,#8c2a32
704,0:58:40,#89322a,#cbc5bd,#c1965a,#edd28b,#2a3646
705,0:58:45,#be9260,#d5ccc0,#d9e082,#2d333c,#99282b
706,0:58:50,#883232,#735e46,#c49a62,#ded4c1,#323535
707,0:58:55,#999591,#866d50,#bba689,#8c8999,#463b40
708,0:59:00,#8e3231,#be9164,#ddd4b9,#dcd5a8,#33393c
709,0:59:05,#81493f,#cabca2,#949c9c,#94949c,#413f52
71,0:05:55,#d8d8ca,#283a1a,#83ad6b,#4da23a,#399fb2
710,0:59:10,#c25140,#9b4735,#452e26,#a9957c,#968290
711,0:59:15,#c06545,#38261f,#8e4e35,#a19781,#9c8486
712,0:59:20,#db845e,#7b4c35,#d3b98c,#282f37,#a59ea2
713,0:59:25,#b48959,#d5ccbc,#2e2d2b,#e4d766,#942e2f
714,0:59:30,#932c2a,#bf7f4b,#402e1e,#b7ae9e,#e3c78c
715,0:59:35,#8d2c2a,#422e21,#d3b196,#c4804a,#e4c88f
716,0:59:40,#c68455,#433022,#c4b4a6,#e6d4af,#a1292a
717,0:59:45,#a48c8c,#2d1f1f,#c8554a,#6c3b29,#b09e66
718,0:59:50,#65382c,#cf804a,#ad9d75,#506586,#272429
719,0:59:55,#68322d,#daa886,#947d5b,#ded2b5,#352b2d
72,0:06:00,#2b3724,#54a53f,#b6c2b4,#226230,#48a4b3
720,1:00:00,#291e19,#7a4f39,#cc8e44,#dbbd75,#aa858f
721,1:00:05,#2a201e,#d07349,#7b512c,#9d9995,#d6c07e
722,1:00:10,#ab8887,#49291f,#9c5a37,#caa95e,#a19c51
723,1:00:15,#544434,#6b5c49,#8a704b,#e5cda9,#c5ac6d
724,1:00:20,#956948,#c2a996,#493523,#d79f6b,#deba8e
725,1:00:25,#32281d,#e9d6b5,#98825a,#4b4537,#dac89d
726,1:00:30,#662d2a,#cca79c,#423423,#9a7950,#dabb86
727,1:00:35,#5a3b18,#d0a962,#433518,#c8b892,#947f4a
728,1:00:40,#5a3b19,#40301a,#d4b06d,#8e793f,#a39b83
729,1:00:45,#593b19,#402f15,#a17f44,#f7e0b4,#ecc985
73,0:06:05,#cdcfc1,#334226,#5ea03d,#226d2f,#42a4b4
730,1:00:50,#ecb49c,#32251b,#daa15e,#ecc987,#866b37
731,1:00:55,#5b321d,#d1b597,#402f1c,#dbaa71,#8d6c3b
732,1:01:00,#5b321c,#ccb396,#43331d,#9d7845,#e5ca91
733,1:01:05,#9a3e37,#442320,#cfa882,#a69575,#7f7b93
734,1:01:10,#46321c,#e9cb9a,#9c7c42,#e9c57c,#534421
735,1:01:15,#ddaf84,#9e8157,#dcd4b7,#36342c,#741724
736,1:01:20,#653920,#e5c29b,#48361e,#a57d44,#e9bf81
737,1:01:25,#6f4c32,#ae976d,#201c14,#8b887d,#8c9b70
738,1:01:30,#3d2220,#97453b,#caa37b,#9e9a85,#828295
739,1:01:35,#e6bf90,#7e5b2e,#8e6d2c,#b89a5b,#7e6f4f
74,0:06:10,#c89d84,#403a23,#6a8a38,#79b259,#883337
740,1:01:40,#783325,#debea0,#43321b,#a48444,#efca7f
741,1:01:45,#34261c,#c5ad96,#cfa869,#88703c,#e5c888
742,1:01:50,#2f251c,#cda367,#b8a890,#826831,#b0b56c
743,1:01:55,#2e231b,#c8985f,#b9a98c,#80662f,#cfb66d
744,1:02:00,#543015,#352b20,#cfa466,#b7a384,#8b6d3b
745,1:02:05,#342a20,#523a1e,#daa861,#b4a07f,#826d3c
746,1:02:10,#816535,#987c3e,#5e502b,#cbbd8c,#e8e7c5
747,1:02:15,#bba288,#e3d8b7,#a4b37b,#afc292,#90a674
748,1:02:20,#ddbf82,#8e9350,#afba8c,#d3e0ac,#bfd496
749,1:02:25,#6a733b,#424d1b,#708354,#89a167,#718c4d
75,0:06:15,#b56461,#a8c28a,#448d92,#c4c5c7,#813637
750,1:02:30,#935d4c,#c4cda4,#637949,#7e9f63,#66875e
751,1:02:35,#645647,#dacbad,#6e824b,#9fc08a,#588f74
752,1:02:40,#9aa06f,#4a512a,#8b956c,#687b40,#9db46d
753,1:02:45,#834742,#f6e2a5,#696144,#b7ac7e,#81793c
754,1:02:50,#382a1f,#7f663a,#beb583,#e0ddba,#a5464b
755,1:02:55,#7f5548,#e6e3c1,#707544,#b0c589,#5c8867
756,1:03:00,#7e5448,#e6e3c1,#b0c488,#607742,#628b69
757,1:03:05,#8e5a49,#dea581,#dccfa9,#31312f,#a7a4bd
758,1:03:10,#271b1a,#6b473b,#d7b47b,#a5b193,#8a938e
759,1:03:15,#61403f,#b77767,#8f7141,#cbc99c,#4b6581
76,0:06:20,#302525,#bcbfb3,#50a0ad,#2e8ba4,#9c414b
760,1:03:20,#754d44,#e7ddba,#7c783c,#babb82,#636e57
761,1:03:25,#404625,#98a26d,#8c9b6c,#6b7e43,#9dbd6a
762,1:03:30,#543e30,#80724b,#898d66,#c1cea0,#5e6f4d
763,1:03:35,#474747,#6f483a,#7a6538,#e4dabf,#c3b387
764,1:03:40,#6e3e3e,#b39a71,#645c46,#dcd4b9,#3d4f65
765,1:03:45,#6e4341,#b49d73,#e8d8ba,#665f46,#3d5169
766,1:03:50,#a04a47,#c8bf9b,#7e7d61,#666743,#444b5a
767,1:03:55,#723636,#28221b,#d6af67,#a6a45b,#938994
768,1:04:00,#7a3736,#bd9978,#463925,#635229,#69613e
769,1:04:05,#7a3d37,#827063,#c8ac85,#bd943a,#32455f
77,0:06:25,#a24f44,#c17664,#494024,#80b456,#569ba9
770,1:04:10,#634734,#675931,#b5af85,#646e4d,#41484e
771,1:04:15,#8c4f4b,#524841,#7a522b,#e1d6b7,#aca774
772,1:04:20,#615033,#403522,#534c38,#a09770,#e0dfb9
773,1:04:25,#d5b79c,#a49a8c,#595143,#93896d,#a9a487
774,1:04:30,#bdc29a,#566142,#738e55,#88444e,#ad666b
775,1:04:35,#a49c74,#dee0b3,#8b8c81,#a7be8b,#94a780
776,1:04:40,#a6716b,#746353,#ede2cd,#817969,#c5b99d
777,1:04:45,#dcdcb6,#6c7563,#9eb3a3,#638f8c,#616469
778,1:04:50,#5c4937,#785e45,#8b745a,#856c44,#ccc092
779,1:04:55,#a28d6c,#827256,#98845b,#ccc092,#8b8463
78,0:06:30,#a24f43,#c27a67,#484123,#7fb457,#589aa7
780,1:05:00,#bc6c62,#c3826d,#6d5e46,#957c54,#ebd1a7
781,1:05:05,#7f5445,#483f2e,#73674a,#bebc91,#829c80
782,1:05:10,#342f24,#b8a16a,#f7db87,#d7ccaa,#656438
783,1:05:15,#201e1b,#d2b282,#726447,#adae6f,#a19bb1
784,1:05:20,#847552,#d2c187,#a09a85,#3f3c2c,#bbb47c
785,1:05:25,#ceb188,#968559,#484331,#a9aa80,#7a969c
786,1:05:30,#5f3231,#a38961,#eaddc1,#efd395,#253143
787,1:05:35,#5b4129,#27231c,#ad9a64,#676939,#cacdb0
788,1:05:40,#d6977b,#94775e,#41413f,#a3a799,#8798ac
789,1:05:45,#5f4028,#b09b65,#686c3a,#d7dab8,#26282a
79,0:06:35,#7e3b35,#e1ceb8,#aea174,#272a1c,#678f48
790,1:05:50,#442b22,#b79261,#908861,#c1c2a8,#9ea28d
791,1:05:55,#8d704d,#c0a37d,#3e3526,#918e7f,#a0a289
792,1:06:00,#5c5c62,#292532,#514d55,#5c5464,#6c696d
793,1:06:05,#9f938c,#ccad8e,#8c7a5c,#453e32,#a39c83
794,1:06:10,#863e32,#2d221a,#ceb274,#929a70,#8a878a
795,1:06:15,#843e34,#c8a97c,#7e652c,#81754c,#30333a
796,1:06:20,#913936,#c9a47b,#7b602a,#7e7550,#303641
797,1:06:25,#bd8e6b,#c9c3b6,#dcd4ab,#424043,#9d393d
798,1:06:30,#3a2c26,#dbbb84,#e3d7b8,#949258,#435233
799,1:06:35,#857772,#2e251f,#9d795f,#7b6753,#d0ac80
8,0:00:40,#c5a683,#769b51,#98a8a3,#302c2e,#bb2b3b
80,0:06:40,#dbac86,#4e422b,#e7e0c3,#36341a,#93b667
800,1:06:40,#867871,#9c7860,#2d251f,#796654,#c8a985
801,1:06:45,#867571,#a58367,#27211c,#6a5543,#8c8c74
802,1:06:50,#a37a63,#28211d,#6a5443,#8a7b6d,#8c8c7c
803,1:06:55,#b37b6d,#694538,#231f1c,#847c6a,#6e5d6c
804,1:07:00,#b37c6d,#694538,#241f1d,#847c74,#6a5a6c
805,1:07:05,#60554b,#535446,#424854,#191d25,#453740
806,1:07:10,#607c8c,#5e84a0,#2b3a4c,#19181b,#866f78
807,1:07:15,#bbc9b3,#84b0af,#6d899d,#2a4b68,#7697b5
808,1:07:20,#d2b280,#6f6452,#6f8ea0,#56728a,#1b3146
809,1:07:25,#7f716e,#4e7b91,#3f627f,#254463,#1c2836
81,0:06:45,#674c3f,#c1c2ae,#5d9b43,#6ca56a,#327d64
810,1:07:30,#ab9884,#788c94,#6c7072,#687d8c,#393b41
811,1:07:35,#a49688,#838887,#70708c,#312f39,#776266
812,1:07:40,#a59688,#838888,#6c748c,#313039,#776365
813,1:07:45,#a89685,#6a6b67,#6594a4,#558494,#153245
814,1:07:50,#7a6c61,#ab9984,#818581,#6e7a86,#2c2f33
815,1:07:55,#796b61,#ac9984,#7d8182,#697384,#2d2f34
816,1:08:00,#7a6c61,#aa9983,#808584,#6e7a86,#2d2f34
817,1:08:05,#6e6463,#a29082,#768487,#4e6d87,#26303e
818,1:08:10,#1f1b1b,#41444a,#4e516e,#4d4d51,#322e42
819,1:08:15,#4b4c46,#44485d,#2c2c40,#201e22,#444044
82,0:06:50,#4b3026,#c1a190,#705137,#669970,#3b898e
820,1:08:20,#332f28,#baa888,#7f7659,#889c74,#7d898a
821,1:08:25,#a08969,#827458,#322f28,#dbd0ad,#6a8795
822,1:08:30,#473727,#7a5c34,#aea56b,#689566,#80898c
823,1:08:35,#4a3928,#7f6037,#cac292,#65955e,#778895
824,1:08:40,#715741,#9f8f80,#2c2821,#6e947b,#727e87
825,1:08:45,#6d6948,#484c36,#56603a,#48535c,#1e1f21
826,1:08:50,#201c17,#55432b,#b9b16b,#87af61,#7391a2
827,1:08:55,#848484,#797371,#9f948d,#605b50,#1e2024
828,1:09:00,#392c1c,#795b2f,#daab34,#869e75,#7d8c91
829,1:09:05,#2a2828,#a39487,#6d694c,#749598,#788792
83,0:06:55,#292617,#c7c9b6,#636b3b,#94be83,#2e86a3
830,1:09:10,#76532d,#26231d,#c49e4a,#65945d,#828a8c
831,1:09:15,#a2958a,#55573e,#666e40,#19181b,#6c646c
832,1:09:20,#8c8c8c,#755f41,#b6a483,#292820,#83a282
833,1:09:25,#8c7c7c,#6c5b4a,#c3ae90,#8a8469,#1c191d
834,1:09:30,#c8aa7e,#9b968d,#60573b,#1b2211,#84a47b
835,1:09:35,#b8a692,#6c633d,#8c8c88,#1d1a1c,#8b8286
836,1:09:40,#d5d1bb,#232918,#bb96b1,#6f535a,#c6677b
837,1:09:45,#c8977a,#241d18,#a7988c,#766454,#a8b67a
838,1:09:50,#c8977a,#786555,#27201a,#a2978c,#a9b879
839,1:09:55,#a49494,#695345,#1d1713,#c5b28a,#a4b78a
84,0:07:00,#cdb8b4,#98815c,#aea796,#464526,#9698a1
840,1:10:00,#5c3732,#3c281e,#ccaa94,#937967,#cdbba8
841,1:10:05,#847c7c,#865a56,#bb836a,#3d3935,#948c6e
842,1:10:10,#855c54,#c28971,#3e3b37,#97855d,#875d74
843,1:10:15,#423832,#7f6e60,#b1a18a,#919a8a,#635c85
844,1:10:20,#423832,#7f6e60,#b1a18a,#919b8b,#635d85
845,1:10:25,#908f7f,#cacdbd,#38615c,#7dbfbc,#5eb0b7
846,1:10:30,#2f2b22,#cbcabb,#7fab88,#3c6267,#6bb3c1
847,1:10:35,#dbbda9,#2e271c,#74705c,#90b9af,#79aaa6
848,1:10:40,#da8675,#876b4c,#23494a,#8dbabd,#1d89ae
849,1:10:45,#352720,#d1a281,#8e715a,#a39b7c,#9867aa
85,0:07:05,#cfabab,#9d8361,#aea792,#4c4729,#9699a1
850,1:10:50,#30241c,#d2a67a,#816a50,#bdb6ab,#e4d5b0
851,1:10:55,#aa8b76,#3d2e23,#bda58a,#9b9284,#83765e
852,1:11:00,#b58f79,#3b2d22,#836d59,#9b8b7c,#9b947f
853,1:11:05,#b6645d,#998984,#36271d,#cbac8f,#897760
854,1:11:10,#1a1110,#703b28,#7d6733,#ccb98b,#7a6f4d
855,1:11:15,#792a26,#362822,#b18263,#dacaba,#e2cb99
856,1:11:20,#7d2824,#28201c,#baa271,#dfd8ba,#626f49
857,1:11:25,#b87061,#835744,#908882,#3e2d1e,#9a978c
858,1:11:30,#bd635c,#36271d,#9c948c,#cbad8f,#897660
859,1:11:35,#bf8a6b,#82552a,#3d2e1f,#869cb1,#80869c
86,0:07:10,#cfabab,#9e8563,#b2ada1,#4c482a,#979ba4
860,1:11:40,#c78a75,#82522e,#3d2d1f,#909c9f,#878495
861,1:11:45,#b7685e,#8c8886,#825436,#3f2d1c,#999c91
862,1:11:50,#826b61,#3e3831,#a8a096,#7fb6b4,#7a8b8c
863,1:11:55,#ccc0ad,#6e6956,#1e413d,#7abab7,#4ba5ad
864,1:12:00,#867f61,#cbcfc3,#83b286,#235c59,#6ab3c0
865,1:12:05,#db6a62,#766250,#b1a99f,#d4c0a5,#342c1c
866,1:12:10,#8e3c3b,#c9af96,#6e6252,#413825,#5c5137
867,1:12:15,#858273,#435e52,#5a9c92,#6faaac,#1a1e24
868,1:12:20,#8ec4a4,#62baa0,#3c948b,#0e5f6e,#3999b7
869,1:12:25,#8d3d3c,#c9af95,#6e6352,#423926,#5b5037
87,0:07:15,#d0b88f,#a09a8d,#948859,#454428,#a1b462
870,1:12:30,#373120,#86b7b5,#155a69,#5ba3b4,#9e4d4f
871,1:12:35,#dbd8cd,#547856,#92c4c7,#53aabe,#395f76
872,1:12:40,#d07a6c,#81705c,#383128,#5aaaa8,#79898d
873,1:12:45,#d7d3bd,#20312c,#5eb6b6,#53bfdc,#0e5b7a
874,1:12:50,#9fae9e,#bbd8c3,#45675c,#7aadb1,#1d2223
875,1:12:55,#4b392e,#d2c2b5,#5a5640,#70aaa3,#188684
876,1:13:00,#dd8e78,#795f4e,#c1b3a4,#cfc1ac,#31291c
877,1:13:05,#2c432b,#c0c9c0,#79c1a0,#6cbbc5,#18707c
878,1:13:10,#c6d0c0,#6e8579,#91aa9e,#7bc4c2,#50a3b1
879,1:13:15,#8f4541,#a27160,#776444,#d3c7b2,#443a27
88,0:07:20,#c3b598,#2f3020,#91c563,#50776f,#4497ac
880,1:13:20,#c49464,#382715,#795730,#aea18e,#d3cbb7
881,1:13:25,#713f36,#bca792,#6b5f42,#343a2d,#57adb2
882,1:13:30,#3a2a17,#78572f,#aea18d,#dcd3c1,#b5ac96
883,1:13:35,#927360,#cfb4a0,#4e4636,#80a29e,#69b3b4
884,1:13:40,#c9d1c1,#75b6bd,#4399a5,#6eabbc,#09546b
885,1:13:45,#927165,#c9bdab,#4d4b3d,#66bdc0,#62a1a9
886,1:13:50,#6b5f57,#2f2925,#b3a895,#838471,#5c5a7c
887,1:13:55,#cdae97,#6a5d46,#25221b,#a3a296,#a5bda7
888,1:14:00,#887f7d,#453f36,#cecec2,#9da59e,#959b9c
889,1:14:05,#9e4e4b,#c58979,#474a35,#809a99,#60babc
89,0:07:25,#a6917f,#837f77,#575346,#3992a1,#3b2e2f
890,1:14:10,#4a4138,#8f8070,#cbc2ac,#83c2c1,#75999b
891,1:14:15,#b2ae9a,#49483b,#d4d7ca,#919683,#3da5b6
892,1:14:20,#cf625b,#382f24,#7d7a6a,#86b4ab,#5f939b
893,1:14:25,#392616,#74522c,#aa9a85,#dac9b0,#b3ab96
894,1:14:30,#d77267,#a2948d,#4c4138,#abaca1,#a74045
895,1:14:35,#653026,#2b231d,#dab577,#89835f,#dedabc
896,1:14:40,#642f26,#2c221c,#dcb879,#8b7d58,#dedabb
897,1:14:45,#4b3426,#9c734a,#d4b17e,#a0b08f,#9789a7
898,1:14:50,#3a2a21,#937751,#cda770,#99a08a,#84829a
899,1:14:55,#958b88,#31241f,#927758,#d4b58a,#a1966f
9,0:00:45,#cebe95,#8e9671,#9ab580,#4a544d,#8c9ca4
90,0:07:30,#997566,#bf9c84,#4b4637,#84a690,#7c9097
900,1:15:00,#70352f,#322621,#d8b381,#624f2c,#948870
901,1:15:05,#3f2620,#997254,#d5b695,#a39b7a,#8d8286
902,1:15:10,#432a23,#a07558,#d9bd99,#a49c7c,#92888f
903,1:15:15,#da7660,#2d201b,#8c6149,#d9c69a,#a98faf
904,1:15:20,#e06564,#7a452b,#322415,#d6b591,#b08d93
905,1:15:25,#793329,#3c2f28,#ae9c79,#8f6f2d,#ddd7b5
906,1:15:30,#291d17,#c8a56e,#93906d,#7f7284,#bb3940
907,1:15:35,#e1886b,#221b18,#85654b,#b4afa5,#deca9c
908,1:15:40,#3e2d24,#dfa37f,#a67e5d,#9c958e,#b9a57e
909,1:15:45,#1a1412,#7a442b,#e39f68,#a69986,#b8aa83
91,0:07:35,#997767,#c09d85,#4c4738,#8caa7c,#7ca9ab
910,1:15:50,#7a442b,#e39f69,#1a1511,#a99986,#b8a980
911,1:15:55,#623934,#382c28,#9c8a6b,#dac397,#d3b2b7
912,1:16:00,#332520,#8b6c4b,#d0b180,#9d9e7c,#908a92
913,1:16:05,#dab892,#a38b62,#484235,#8eb593,#939bae
914,1:16:10,#30241c,#845637,#d3a887,#959084,#94aa8e
915,1:16:15,#2c1e19,#8c5a37,#cbaa8a,#95a68d,#766887
916,1:16:20,#36261d,#88522f,#d2b097,#90b18f,#907a84
917,1:16:25,#1e1310,#bb735a,#714025,#878f62,#8c7c84
918,1:16:30,#2c221b,#8f784e,#c6a75f,#9a9c86,#8988a0
919,1:16:35,#2c211a,#8e7142,#c3a351,#9f9760,#9a8a8c
92,0:07:40,#9a7867,#c19c83,#4c4739,#7fab96,#8a919a
920,1:16:40,#bba28b,#9c866f,#93918d,#a69e85,#4e4a3a
921,1:16:45,#5e3632,#e29c85,#392d25,#dcc0ad,#977c67
922,1:16:50,#563a2e,#978269,#372f24,#625645,#56492b
923,1:16:55,#c27e6e,#334943,#41837d,#60b0b8,#21929e
924,1:17:00,#acacac,#b18870,#e3c3a2,#2c271d,#504833
925,1:17:05,#bba4a4,#e06464,#825750,#d4b292,#1f6061
926,1:17:10,#b49778,#433525,#625032,#695d44,#8d3339
927,1:17:15,#c4a58c,#907b66,#a9ad99,#215a5c,#1e9ca6
928,1:17:20,#523b35,#543d29,#c7b191,#8c7e64,#2e2a1e
929,1:17:25,#51382e,#c8b597,#55462b,#8c7f64,#2e2a1e
93,0:07:45,#caa788,#947b5f,#4b4e3d,#85aa85,#3798a9
930,1:17:30,#352e27,#c2b29d,#76bdc1,#307b82,#32333c
931,1:17:35,#322524,#76453b,#9e6454,#578387,#45a7b3
932,1:17:40,#4f3b33,#aea393,#554c33,#5d5e56,#0c3b46
933,1:17:45,#4c2e2a,#ab8b71,#504636,#e7dcc4,#d0ccac
934,1:17:50,#ce6160,#3d3126,#664f39,#bda283,#9e3c40
935,1:17:55,#d1b78e,#8a7b5f,#9c9c88,#31494f,#9c60a0
936,1:18:00,#443630,#64493a,#b19676,#7e6c4f,#695533
937,1:18:05,#3d2c26,#a58963,#756f4d,#349cac,#238fa9
938,1:18:10,#3b3534,#d2cdbb,#758173,#5eb6bd,#55a9b5
939,1:18:15,#998b73,#76736c,#7f7c6b,#6a6958,#3a3a2f
94,0:07:50,#caa788,#625f4a,#87b08a,#1f2f28,#3d9ba9
940,1:18:20,#a77368,#424137,#706f5d,#818574,#787b74
941,1:18:25,#baa085,#86827d,#908d76,#3b3b2a,#797b59
942,1:18:30,#848484,#ab645e,#7a6f64,#494a3d,#888c84
943,1:18:35,#261d19,#99b394,#b5c2b3,#606564,#829aa4
944,1:18:40,#cc8165,#6b533f,#232322,#b4b4a9,#8489a0
945,1:18:45,#442323,#c59e67,#6c8d56,#285535,#97aead
946,1:18:50,#8e7439,#e1c763,#719c9b,#297ea5,#4c3040
947,1:18:55,#cf9976,#6d654e,#a2b88c,#262f23,#7c94af
948,1:19:00,#463631,#975b43,#ca8254,#93b383,#6f889a
949,1:19:05,#463530,#975946,#ca7d57,#93b284,#72899b
95,0:07:55,#3a281f,#cdac95,#948b7c,#7b995d,#7a3031
950,1:19:10,#d29a77,#9a6d4d,#4d5233,#a6c079,#8793a0
951,1:19:15,#c68969,#5f543d,#202822,#89b6a6,#5c879d
952,1:19:20,#2b1d1a,#764437,#b38065,#8a887c,#887b7c
953,1:19:25,#211815,#706556,#adaba0,#76afa9,#737986
954,1:19:30,#864f38,#3e2b1d,#968c84,#d0a886,#a09b8b
955,1:19:35,#8b503b,#958b84,#3f2b1d,#d0a786,#9f9c8d
956,1:19:40,#4b2a24,#966c4d,#cd9f6c,#87a07e,#667a94
957,1:19:45,#d7ae7a,#7c8864,#2a3f4f,#97a8b9,#67343c
958,1:19:50,#774132,#bea677,#ba972c,#6d7f77,#2c3e49
959,1:19:55,#71332c,#2c2928,#d4a976,#8e8361,#b1c2b4
96,0:08:00,#7a493d,#3a2720,#caaa94,#898884,#8aa358
960,1:20:00,#774138,#c4a87b,#b8972d,#6a7d72,#253543
961,1:20:05,#72322c,#2e2622,#a08963,#d7cb60,#9ec2a8
962,1:20:10,#60261f,#cea879,#8b7b5a,#9dbfa6,#22272d
963,1:20:15,#d4aa7f,#685a2b,#84917b,#273946,#69343a
964,1:20:20,#b89871,#5c8661,#2b3d38,#aeb6bf,#81333a
965,1:20:25,#8b7235,#e1c863,#9aae8f,#4b8a9e,#4d3040
966,1:20:30,#a48c6d,#6a6356,#78916e,#607681,#293a44
967,1:20:35,#393130,#766358,#3f646b,#131f29,#454b67
968,1:20:40,#74625f,#544932,#486665,#454b67,#2f2930
969,1:20:45,#605c5c,#5d4f44,#746555,#2e2b26,#696458
97,0:08:05,#642826,#e7d7c6,#2e2b20,#6f6739,#91999d
970,1:20:50,#5e5c5c,#5c4e43,#746555,#2e2b26,#696457
971,1:20:55,#5d5c5c,#5c4e43,#746555,#6a6457,#2e2c26
972,1:21:00,#161414,#4b4642,#7c7c79,#67746c,#646c6c
973,1:21:05,#6e5f50,#3d3523,#42422f,#2a2d23,#4a2b32
974,1:21:10,#1a1515,#524a46,#908374,#797b79,#746c74
975,1:21:15,#141212,#4e4642,#827a70,#717975,#636b6c
976,1:21:20,#6a5c4d,#3c3523,#7d7d7c,#2a2d22,#4a2b32
977,1:21:25,#6a5c4c,#3c3523,#2a2d23,#7c7d7c,#492b32
978,1:21:30,#161414,#4d4541,#82796f,#727975,#62696c
979,1:21:35,#151312,#4f4641,#82766b,#717872,#666b6c
98,0:08:10,#987155,#b79473,#3b3426,#67a188,#2d869f
980,1:21:40,#664130,#393628,#141c0e,#453e55,#1a1215
981,1:21:45,#846d4a,#645337,#656953,#546575,#2e272d
982,1:21:50,#97604a,#c6b39b,#4d432f,#93928f,#6ea589
983,1:21:55,#cc8a80,#3c2c28,#955c4c,#78a08a,#9e9394
984,1:22:00,#cf9385,#94665a,#433b2f,#73a58c,#9b9a9e
985,1:22:05,#211a19,#75564f,#cea89f,#a4a899,#b79a9c
986,1:22:10,#948f8d,#3f3127,#d2ab8f,#8c6d55,#68a383
987,1:22:15,#dbaf8c,#8b8378,#7e2836,#7e7374,#3e1d20
988,1:22:20,#cba18f,#907661,#3e3429,#8aa08a,#969394
989,1:22:25,#d47063,#2e201b,#8c5a47,#d5b492,#b19495
99,0:08:15,#493025,#8f6a50,#baa285,#99926e,#8e8e99
990,1:22:30,#8c5f54,#ce9181,#443227,#7da18d,#999094
991,1:22:35,#38201f,#dab490,#95ae9e,#8f7c7f,#da444c
992,1:22:40,#935e55,#d29484,#473429,#869d8a,#95878e
993,1:22:45,#36201e,#dbb691,#95af9e,#917f84,#da434b
994,1:22:50,#d85756,#903d3a,#4c2724,#cfa170,#7a8484
995,1:22:55,#d3a088,#755b48,#9f9c98,#242621,#97c0b9
996,1:23:00,#df8d75,#966656,#d8c892,#363343,#ada3b4
997,1:23:05,#bc6260,#3c2221,#904441,#9d8e87,#9a8384
998,1:23:10,#857257,#d8b581,#96c4be,#86aeb5,#25292e
999,1:23:15,#caaa94,#64553f,#9f9b94,#6fa789,#1b1e1e
