id,time,color_1,color_2,color_3,color_4,color_5
0,0:00:00,#040404,#080404,#080404,#080404,#080404
1,0:00:05,#148ccb,#e1eeed,#05213f,#144661,#80cee9
2,0:00:10,#148ccb,#d3eaee,#6aaac5,#7eceed,#347e97
3,0:00:15,#d67793,#41593f,#cfbb9b,#792a3c,#86314e
4,0:00:20,#d77588,#486c47,#7b2632,#81c473,#8c3048
5,0:00:25,#cf9d85,#3a3639,#97b961,#9b745a,#918a94
6,0:00:30,#3c3a3d,#cea286,#99795b,#98b16a,#5c92a6
7,0:00:35,#373637,#d28e83,#9da990,#987862,#8e9297
8,0:00:40,#302c2e,#c5a683,#769b51,#bb2b3b,#98a8a3
9,0:00:45,#4a544d,#cebe95,#8c9ca4,#9ab580,#8e9671
10,0:00:50,#373131,#c9a080,#759f51,#b03b43,#93919b
11,0:00:55,#45423a,#a68968,#d9b4a0,#b0b68c,#989ea0
12,0:01:00,#aa9788,#2a2825,#58624b,#4a3124,#59562d
13,0:01:05,#918b7c,#292b25,#dba989,#473222,#517f2e
14,0:01:10,#807a65,#2a2f28,#bdb6c2,#daa887,#492e23
15,0:01:15,#cca27b,#343636,#79a664,#5d92a6,#8e6b59
16,0:01:20,#c99f76,#353937,#5f92a5,#89725e,#78a96c
17,0:01:25,#b3ae9a,#3d452e,#6f725e,#74763a,#66493c
18,0:01:30,#b2ac99,#373f2a,#6d705e,#6f723b,#5d4536
19,0:01:35,#47553e,#c4b89f,#aaa89e,#98907b,#afb5a3
20,0:01:40,#598369,#d0cbbd,#89b4bb,#25321f,#a4cc7c
21,0:01:45,#667f52,#bcbaac,#529cae,#273622,#2a502b
22,0:01:50,#304123,#acc3bd,#578647,#978572,#55939f
23,0:01:55,#6c714c,#1c2415,#b8ac90,#a0ad71,#99a199
24,0:02:00,#3c4e25,#b5a47e,#85aa50,#818b46,#958c76
25,0:02:05,#566350,#c5b9a8,#949fa4,#90b259,#1a1b17
26,0:02:10,#3d3a30,#b9b2ac,#a9aa79,#87b05f,#797256
27,0:02:15,#333738,#bdadaa,#89aab5,#2c80a5,#767871
28,0:02:20,#3f4447,#cda393,#1c80a7,#7f8182,#7eaeb8
29,0:02:25,#394727,#b6a77f,#858d4b,#8db057,#8d9b9f
30,0:02:30,#2c3a21,#978f6c,#676f4b,#6a9150,#7a7c7e
31,0:02:35,#8b8167,#2d2f28,#db9988,#bfb7c2,#542e25
32,0:02:40,#39422a,#82a065,#6b6b4c,#947e61,#82897c
33,0:02:45,#3d4a45,#ceb994,#948667,#5c93a7,#a4c366
34,0:02:50,#202315,#797e68,#4b503a,#4f7235,#5c645c
35,0:02:55,#333934,#cfa573,#5593a4,#917865,#9bbe60
36,0:03:00,#23321a,#a18568,#5e8c41,#6b6e4c,#7e816d
37,0:03:05,#6c453d,#1d1614,#9ca7a0,#d3685f,#848894
38,0:03:10,#373126,#924f44,#7e937e,#77584e,#687c7c
39,0:03:15,#565d51,#9cacab,#1e211e,#b3aca1,#9299a1
40,0:03:20,#565e52,#c5b7b6,#9fafaf,#1d201f,#909ea2
41,0:03:25,#7b5852,#1b1414,#e0c7b7,#aabb99,#91a1a2
42,0:03:30,#35432b,#ba9b7f,#8e939c,#788c4f,#86aa4d
43,0:03:35,#120b0b,#1c0d0b,#24120c,#181314,#1c1c1c
44,0:03:40,#756b56,#dbbd82,#2e2b1d,#8ea4a4,#b2b49e
45,0:03:45,#8a7f6a,#322b1b,#4c3a26,#d4cec5,#ddae87
46,0:03:50,#92887a,#362f20,#e0ae9a,#4e3927,#59522f
47,0:03:55,#c79594,#231815,#93929a,#7b4c3b,#807a85
48,0:04:00,#a77f7c,#313421,#c1bec6,#602f2c,#b2c97f
49,0:04:05,#a5837c,#333523,#c2bfc8,#612f29,#bcc98c
50,0:04:10,#3d442a,#8d5b50,#caa898,#89a763,#949299
51,0:04:15,#38462b,#c2bb8e,#848960,#93a96c,#909692
52,0:04:20,#313929,#cdc892,#89a378,#6c7c5b,#808d94
53,0:04:25,#36482e,#c6bf95,#7f8956,#92a971,#8a9496
54,0:04:30,#384a30,#c5be93,#92a972,#838c5a,#8a9396
55,0:04:35,#29231c,#9e8c75,#809165,#805955,#828285
56,0:04:40,#150e0f,#63554d,#4b4b58,#4c3836,#535455
57,0:04:45,#150c0c,#46262d,#665243,#5a6258,#544c4c
58,0:04:50,#110f0f,#5e5247,#423c4c,#3c3938,#4b5149
59,0:04:55,#322c21,#aa977c,#6b5d3f,#848a89,#686f71
60,0:05:00,#322c21,#b19982,#6c5f42,#858e8f,#767d82
61,0:05:05,#29241d,#9d8963,#5f5434,#787c5c,#787064
62,0:05:10,#322b1f,#b49569,#705e3c,#888b69,#867c6c
63,0:05:15,#322a21,#c89a8b,#a3a3aa,#866a47,#7c8087
64,0:05:20,#534930,#bec277,#8c8a55,#b6835f,#6c9294
65,0:05:25,#dbb58b,#393529,#a29b75,#917e61,#8a8874
66,0:05:30,#2f2720,#c89b8b,#a3a3a9,#866b47,#7d7f87
67,0:05:35,#231f1a,#96756f,#6e7c66,#8d444b,#77737c
68,0:05:40,#231f18,#978553,#63522f,#7a7c5c,#6e6a64
69,0:05:45,#423e2f,#a1ccc4,#d0c5b9,#987b61,#979c8a
70,0:05:50,#afa58a,#1c1d14,#d0b49f,#a1665f,#a28a7c
71,0:05:55,#4da23a,#d8d8ca,#399fb2,#283a1a,#83ad6b
72,0:06:00,#54a53f,#48a4b3,#b6c2b4,#2b3724,#226230
73,0:06:05,#5ea03d,#42a4b4,#cdcfc1,#334226,#226d2f
74,0:06:10,#c89d84,#403a23,#79b259,#883337,#6a8a38
75,0:06:15,#b56461,#448d92,#c4c5c7,#a8c28a,#813637
76,0:06:20,#302525,#bcbfb3,#2e8ba4,#50a0ad,#9c414b
77,0:06:25,#494024,#c17664,#80b456,#a24f44,#569ba9
78,0:06:30,#484123,#c27a67,#7fb457,#a24f43,#589aa7
79,0:06:35,#aea174,#272a1c,#7e3b35,#e1ceb8,#678f48
80,0:06:40,#93b667,#4e422b,#36341a,#dbac86,#e7e0c3
81,0:06:45,#c1c2ae,#327d64,#5d9b43,#6ca56a,#674c3f
82,0:06:50,#c1a190,#3b898e,#4b3026,#669970,#705137
83,0:06:55,#636b3b,#2e86a3,#c7c9b6,#94be83,#292617
84,0:07:00,#464526,#cdb8b4,#98815c,#9698a1,#aea796
85,0:07:05,#4c4729,#cfabab,#9d8361,#9699a1,#aea792
86,0:07:10,#4c482a,#cfabab,#9e8563,#979ba4,#b2ada1
87,0:07:15,#454428,#d0b88f,#948859,#a1b462,#a09a8d
88,0:07:20,#50776f,#c3b598,#2f3020,#4497ac,#91c563
89,0:07:25,#3992a1,#a6917f,#3b2e2f,#575346,#837f77
90,0:07:30,#4b4637,#bf9c84,#84a690,#997566,#7c9097
91,0:07:35,#4c4738,#c09d85,#997767,#7ca9ab,#8caa7c
92,0:07:40,#4c4739,#c19c83,#7fab96,#9a7867,#8a919a
93,0:07:45,#4b4e3d,#caa788,#85aa85,#947b5f,#3798a9
94,0:07:50,#625f4a,#caa788,#87b08a,#3d9ba9,#1f2f28
95,0:07:55,#3a281f,#cdac95,#7a3031,#7b995d,#948b7c
96,0:08:00,#3a2720,#caaa94,#7a493d,#8aa358,#898884
97,0:08:05,#91999d,#2e2b20,#642826,#6f6739,#e7d7c6
98,0:08:10,#3b3426,#b79473,#67a188,#987155,#2d869f
99,0:08:15,#493025,#baa285,#8e8e99,#8f6a50,#99926e
100,0:08:20,#3a321f,#bb7362,#835e41,#7ea666,#998e84
101,0:08:25,#39321f,#ba7969,#825c40,#7ea666,#99948c
102,0:08:30,#47221d,#bc8f7d,#8d8c99,#949169,#89523b
103,0:08:35,#47211c,#bf9c85,#8c8b99,#999e85,#8a5b44
104,0:08:40,#241612,#a55239,#713021,#866e3c,#565e64
105,0:08:45,#48211d,#be987f,#8e8f92,#8a5840,#867f85
106,0:08:50,#47221c,#c39d7c,#969f6e,#89573e,#8a807d
107,0:08:55,#c5a17a,#423720,#a57f59,#a3cb63,#a49685
108,0:09:00,#533e2c,#cbab8b,#8e9099,#987b5b,#9ea6a1
109,0:09:05,#41331d,#c79a7d,#91a074,#948b7c,#8e684b
110,0:09:10,#3e2f1c,#c4957c,#8c8b99,#94a27c,#9c6a51
111,0:09:15,#ab9584,#651a1d,#2a1e14,#63562b,#625e4a
112,0:09:20,#ac9584,#67191d,#291e14,#65582c,#615c4e
113,0:09:25,#34291c,#c5a37e,#8fa664,#805a40,#969287
114,0:09:30,#352a1c,#c2987b,#8da264,#7f543d,#958b84
115,0:09:35,#523c2e,#c5bbbd,#d87f80,#959da0,#9d6551
116,0:09:40,#34261b,#babe88,#a52e34,#727b4f,#938f85
117,0:09:45,#856050,#372c22,#d1b993,#cf9f7e,#bba89e
118,0:09:50,#504835,#d1ab89,#a5b186,#25829b,#a27562
119,0:09:55,#514835,#d2ac8a,#a4b284,#23829b,#a37561
120,0:10:00,#414232,#b79d86,#2a8ca1,#70a48e,#856d58
121,0:10:05,#caa77a,#4e402b,#8a6750,#754934,#7c5e2d
122,0:10:10,#3c3926,#bfae8c,#91825e,#9ca861,#a2988d
123,0:10:15,#4b523c,#b79180,#2a95a8,#937d6c,#83bc80
124,0:10:20,#897859,#3e1b1b,#c7aa8c,#cdc0a4,#baae96
125,0:10:25,#866f54,#c9b295,#291c19,#b9ab95,#bab694
126,0:10:30,#424933,#cbb692,#9dc164,#877a66,#708e89
127,0:10:35,#424933,#cbb592,#9dc164,#877a65,#6f8d89
128,0:10:40,#a18669,#453927,#871f2b,#634a2a,#e06d82
129,0:10:45,#c9bda8,#333b36,#209ab1,#557f80,#62b6bd
130,0:10:50,#4d4d3f,#c3938a,#8aac69,#997a73,#a89c9c
131,0:10:55,#524439,#d37574,#9ead85,#a87666,#a2978e
132,0:11:00,#956c5a,#35372c,#bbc098,#dc5b67,#c9a4a6
133,0:11:05,#434033,#716c56,#1a1f1d,#5d605c,#636c57
134,0:11:10,#3a2c27,#43a1a6,#c8867c,#8b1826,#537e90
135,0:11:15,#4c3131,#2591ad,#be9783,#82a79a,#914d4e
136,0:11:20,#bc8366,#322718,#692524,#e7ddbd,#e1c49f
137,0:11:25,#48372f,#d3a389,#966f4f,#a7c7a8,#49708d
138,0:11:30,#46352e,#d19e72,#96bfae,#8b5539,#767e85
139,0:11:35,#3d353f,#5d98b6,#bc8c6d,#785039,#5a7494
140,0:11:40,#1c1c1c,#3c404f,#5b564b,#3f3630,#4a5452
141,0:11:45,#1d1a1a,#6e6a5d,#495442,#403632,#3e4054
142,0:11:50,#292321,#4a5e88,#69463d,#a82a2d,#92c061
143,0:11:55,#2d211f,#a42028,#5d5a4d,#613731,#4f4c4c
144,0:12:00,#3c2d22,#bc7763,#844f3a,#96a165,#9c8c8c
145,0:12:05,#be8c64,#2c251a,#c5bcc2,#766143,#704329
146,0:12:10,#b28866,#251e13,#65281d,#c9c0c2,#5f5b45
147,0:12:15,#b28968,#2b2317,#642a1e,#c8bec3,#64604f
148,0:12:20,#352516,#d3b380,#8c4d31,#93a555,#9e8a7c
149,0:12:25,#3e2519,#d7b083,#a8b068,#9a6940,#9b8c85
150,0:12:30,#2d211b,#724937,#b44b47,#868666,#847c74
151,0:12:35,#34261d,#b44336,#7c4c33,#b1b764,#997189
152,0:12:40,#372e28,#c34d49,#826146,#958769,#6e7474
153,0:12:45,#271f13,#cbb089,#673b21,#7f914a,#8c8474
154,0:12:50,#1a1311,#5d3c2b,#9e3e38,#444436,#443c3c
155,0:12:55,#291b17,#b95743,#77392b,#8e8243,#746c74
156,0:13:00,#1b1718,#6e4a29,#ab7144,#86744e,#514f4c
157,0:13:05,#151213,#3c451d,#353720,#525242,#343444
158,0:13:10,#0e0e0e,#5d5951,#4a5254,#3b3d39,#3f434c
159,0:13:15,#0f0d0f,#55594d,#8e4e33,#502d21,#4c4944
160,0:13:20,#1c1513,#c57a43,#6c381e,#7e604c,#8c841c
161,0:13:25,#181317,#5c5247,#45443c,#4c5447,#4c4c54
162,0:13:30,#171216,#5b534a,#4a4c43,#3a362f,#484444
163,0:13:35,#1a1314,#b3632f,#e1ad5f,#724025,#8c846c
164,0:13:40,#1c1211,#606250,#7c7263,#4b3830,#5c5254
165,0:13:45,#221a17,#5c5648,#513e36,#85594e,#594b4c
166,0:13:50,#241718,#856c5c,#645042,#696859,#645c5c
167,0:13:55,#231716,#906b4f,#7a7968,#624430,#71595c
168,0:14:00,#231716,#906a4d,#7a7868,#614330,#6c5c64
169,0:14:05,#321911,#db7b3c,#934621,#ac8454,#7c746c
170,0:14:10,#763524,#d38251,#1c0f0f,#b0a187,#9e8c84
171,0:14:15,#361d13,#d57046,#8f462b,#a08685,#a9948c
172,0:14:20,#361b16,#cf6b4e,#883e2d,#9e8f7e,#8d828d
173,0:14:25,#141218,#6d5f53,#464035,#595649,#5c4c54
174,0:14:30,#bb703c,#1f1613,#734128,#7b3484,#8c8c74
175,0:14:35,#16141a,#3c2c1e,#2f241d,#243c39,#314844
176,0:14:40,#0c0c10,#675951,#403b39,#4a4e51,#44444c
177,0:14:45,#161315,#a46c37,#6d4b29,#757939,#60556c
178,0:14:50,#141515,#6f726e,#454844,#53615d,#4a525d
179,0:14:55,#27262c,#857364,#727b7b,#5e5e59,#686c74
180,0:15:00,#222329,#817468,#575e5c,#6a7878,#5e6a6c
181,0:15:05,#261c1f,#776758,#5f544e,#656456,#65585c
182,0:15:10,#816f60,#22181b,#655d55,#564744,#634d57
183,0:15:15,#23181c,#7e6c5f,#685d54,#564743,#624d56
184,0:15:20,#161518,#6e6f6a,#53605c,#45443d,#3f4d54
185,0:15:25,#161518,#6e6f6a,#53605c,#45453d,#404d54
186,0:15:30,#161518,#72726b,#53605c,#444743,#46535c
187,0:15:35,#181a1c,#7e776b,#546364,#697772,#5d5c4f
188,0:15:40,#141517,#7b796c,#454d4d,#586452,#545866
189,0:15:45,#0e0e11,#777b76,#546464,#4a4d4b,#545c64
190,0:15:50,#191819,#757976,#586563,#545766,#6c4c4c
191,0:15:55,#0f0c10,#3a1a12,#290e0d,#1a181c,#2a241d
192,0:16:00,#7b7c76,#1b151a,#525c5b,#756356,#5d646c
193,0:16:05,#0e0c11,#261411,#0c0b04,#1c1c24,#191c1c
194,0:16:10,#141314,#8c7e6d,#6c7976,#5a5a54,#636b6d
195,0:16:15,#141314,#7b7b70,#5b6559,#4f5b5c,#514a45
196,0:16:20,#141213,#787b70,#5a6554,#50514d,#555866
197,0:16:25,#857c6c,#14201b,#5a665d,#3d4c54,#4e423c
198,0:16:30,#0f0d0e,#7b7769,#556255,#423d38,#414d54
199,0:16:35,#1e1c1b,#b38a50,#6a4b2b,#88847c,#6c6c74
200,0:16:40,#221a15,#a6987d,#5e442a,#6e7e72,#4d6573
201,0:16:45,#241715,#a86357,#6f2c28,#7e9c95,#527e88
202,0:16:50,#5d5f60,#cbbda1,#baa889,#a4aaa5,#45402f
203,0:16:55,#c2b785,#262318,#737a46,#87a258,#948c84
204,0:17:00,#271f19,#694d31,#ae7e4e,#867464,#8c8454
205,0:17:05,#271d19,#ad8242,#70552d,#859038,#545754
206,0:17:10,#2c1d19,#aa7347,#cea560,#746737,#818c74
207,0:17:15,#1f1d19,#5b3826,#636044,#86473f,#48465d
208,0:17:20,#1f1d19,#5c3c28,#865047,#656652,#4c4a5e
209,0:17:25,#301e16,#b09f82,#82886b,#724122,#526783
210,0:17:30,#403220,#8b5b33,#c39169,#9da448,#546a83
211,0:17:35,#312320,#d19f75,#8d614b,#8ba36f,#8a847d
212,0:17:40,#9c966b,#241f18,#9d7250,#725129,#767b88
213,0:17:45,#483623,#bea17c,#8e6e4c,#7a8887,#949589
214,0:17:50,#221413,#a98444,#784b33,#828965,#616d7f
215,0:17:55,#34231b,#804e28,#b68d5f,#828672,#80797d
216,0:18:00,#311c17,#c2895c,#82513a,#949469,#626685
217,0:18:05,#3f2b15,#cac3a3,#8f6d5c,#91a174,#71828c
218,0:18:10,#2b1d1a,#a19d75,#ca8472,#923d34,#5c758a
219,0:18:15,#32241c,#b78168,#879177,#832a29,#64758a
220,0:18:20,#403538,#d2987e,#9d786e,#749295,#a2a28c
221,0:18:25,#291e1a,#a2a06a,#755036,#a1252b,#768089
222,0:18:30,#1d1917,#ba7853,#6d4035,#74774e,#61566d
223,0:18:35,#d5a66c,#2a2417,#86663a,#868642,#977464
224,0:18:40,#1f2a22,#807d70,#3d5775,#565d51,#607d7c
225,0:18:45,#1f2921,#807d72,#3e556f,#575e49,#617c7b
226,0:18:50,#20261d,#627485,#786a57,#555c5d,#517043
227,0:18:55,#232923,#8f826f,#5d615a,#738486,#566d88
228,0:19:00,#22231d,#8d7f6c,#60625c,#738383,#6a7275
229,0:19:05,#252522,#8f836f,#626152,#727c7c,#506183
230,0:19:10,#1e1a19,#84685d,#55342e,#5b5868,#696e52
231,0:19:15,#2c2822,#645443,#766a5c,#7d7b72,#93734e
232,0:19:20,#4e3b28,#d88750,#8e603d,#a48458,#76615c
233,0:19:25,#1e211c,#787165,#535b5d,#69756e,#60686c
234,0:19:30,#232522,#8e826e,#4c6380,#61625b,#6e818a
235,0:19:35,#242522,#8c8371,#646253,#506183,#826a5f
236,0:19:40,#786e60,#1d211d,#53595f,#6a7576,#62696d
237,0:19:45,#242521,#8f836f,#646253,#727c7c,#4c5e7f
238,0:19:50,#d9a86d,#292317,#7f5839,#926565,#808859
239,0:19:55,#1a1e18,#5e6e7b,#696a48,#4d6142,#233450
240,0:20:00,#1f251d,#545c64,#918162,#728176,#675d4b
241,0:20:05,#1b1d1a,#7a755e,#586932,#4e4e37,#3c4e6a
242,0:20:10,#1b1d19,#7a6c44,#586a3b,#4c4826,#3a4d6b
243,0:20:15,#cfab78,#2e301e,#826b47,#8a984c,#7d707f
244,0:20:20,#1f2721,#7c6d5b,#405876,#5c634d,#57793d
245,0:20:25,#1b201e,#776b5e,#374d6a,#344d30,#4d6f3c
246,0:20:30,#1e1615,#b3816c,#6d2c26,#8a846d,#827a74
247,0:20:35,#1d1614,#af6051,#6c2d26,#82806d,#7c7474
248,0:20:40,#1d1614,#ba7648,#6d3526,#83896c,#807971
249,0:20:45,#1a1617,#7a796b,#555f51,#3d3937,#53474c
250,0:20:50,#1b1b1d,#7c8373,#5f5b4e,#9c7c71,#77736e
251,0:20:55,#1d1b1a,#847e6c,#4f5645,#626c5b,#646464
252,0:21:00,#191314,#79796b,#3e3939,#535d4c,#484854
253,0:21:05,#191314,#747165,#3e3939,#525c4b,#484854
254,0:21:10,#191314,#757266,#3e3a39,#525c4b,#4c4c54
255,0:21:15,#1a1314,#696d5f,#3f3e3e,#5e544f,#504f54
256,0:21:20,#191314,#757066,#3f3839,#525c4c,#4e4e54
257,0:21:25,#201a19,#7c6b5c,#473c30,#55554e,#4c4c54
258,0:21:30,#201a19,#787769,#473832,#596055,#5c545c
259,0:21:35,#211b1a,#7a7769,#54624c,#473a32,#535354
260,0:21:40,#1c181c,#3e4854,#4a4f48,#9d5456,#5b3c2f
261,0:21:45,#231f23,#796b5b,#535e4f,#4c443a,#5c545c
262,0:21:50,#221e25,#3f3930,#575238,#4b4c3a,#4c444c
263,0:21:55,#1c1618,#766a5c,#40372c,#505849,#4e494c
264,0:22:00,#241619,#847f6c,#535b4c,#745d4f,#6c6464
265,0:22:05,#302a24,#928169,#607455,#6a6554,#736c64
266,0:22:10,#302926,#a88d5c,#715f42,#847c5c,#80746c
267,0:22:15,#302a24,#91846a,#676e59,#594632,#68645c
268,0:22:20,#322d26,#896441,#564b39,#4c534c,#5d5c54
269,0:22:25,#171414,#4b4336,#7d6435,#645c35,#58544c
270,0:22:30,#24221e,#6a5b3f,#a27949,#8c8e5c,#8c847c
271,0:22:35,#24211e,#6c5b3d,#a37b4a,#89a353,#887c74
272,0:22:40,#22201d,#a47d4c,#6e5837,#8aa754,#8c8474
273,0:22:45,#23201d,#6f5735,#9e7340,#797c7c,#888474
274,0:22:50,#261e1b,#a8653d,#6d472f,#7a805a,#78706c
275,0:22:55,#251d1a,#b0663d,#6d422a,#827d5f,#7c746c
276,0:23:00,#251d1a,#b0643a,#6e4028,#879359,#887c6c
277,0:23:05,#241d1b,#ad6139,#6c422b,#8a8c5c,#8c7c74
278,0:23:10,#3a211d,#bb5735,#873a2a,#988458,#7c6a76
279,0:23:15,#3b241e,#bb6a43,#813d27,#978767,#887878
280,0:23:20,#341e1a,#783322,#b27965,#948c84,#847c7c
281,0:23:25,#3e2521,#b8844c,#7d4333,#999479,#888474
282,0:23:30,#3d2520,#b6824a,#834934,#979976,#908274
283,0:23:35,#3d2520,#b17145,#814635,#979676,#94848c
284,0:23:40,#362924,#7f5743,#c4a176,#9ab859,#948c84
285,0:23:45,#241b19,#745b4d,#b3a67b,#869165,#8c847c
286,0:23:50,#241c19,#704941,#9c8867,#83846b,#847c74
287,0:23:55,#211917,#724b42,#a4906b,#84846b,#877b74
288,0:24:00,#3a241e,#c47947,#814330,#979876,#927e7c
289,0:24:05,#471e1b,#e05331,#953328,#985e5c,#ac9474
290,0:24:10,#4b2f25,#8b5336,#b76f3e,#191413,#745c44
291,0:24:15,#4b2f25,#bd7542,#8d5638,#9dab62,#a48c84
292,0:24:20,#4b2f25,#bc713f,#8d5538,#d1bb8c,#9c9484
293,0:24:25,#3b2721,#c8a97d,#845b45,#93b454,#8c847c
294,0:24:30,#392620,#bb9267,#7f5844,#92b654,#898885
295,0:24:35,#3a2721,#d2ba94,#97b358,#88624c,#84847c
296,0:24:40,#482f29,#ce9c70,#94583d,#a2af70,#9e8996
297,0:24:45,#4b312a,#cf9d71,#985a40,#a2af70,#a18c8c
298,0:24:50,#2f261f,#c7b984,#717643,#7e944d,#8c847e
299,0:24:55,#2f261f,#cabb89,#717a43,#899e55,#8c8484
300,0:25:00,#352220,#c38c4c,#7c4c36,#6b466d,#908c6d
301,0:25:05,#342220,#c18a4a,#7c4e38,#76506d,#8d8c6f
302,0:25:10,#3a2722,#c28e61,#845140,#95ad62,#97838a
303,0:25:15,#3b2823,#c49266,#845140,#94ad62,#918b7d
304,0:25:20,#3c2826,#b86344,#844439,#958892,#90798d
305,0:25:25,#2f251f,#c3b584,#6e7c43,#819652,#8b806c
306,0:25:30,#3d271f,#b97e59,#804834,#95a765,#8e8b74
307,0:25:35,#3c271f,#b47753,#814936,#959d72,#948c84
308,0:25:40,#251e1d,#b49565,#7f6847,#8b8c7d,#898284
309,0:25:45,#241d1c,#b79867,#7c6343,#88857a,#807b7c
310,0:25:50,#36231e,#d6b28b,#794c39,#94b15d,#928a86
311,0:25:55,#4e3429,#dfc499,#8c6249,#96b958,#989187
312,0:26:00,#523328,#e1bf98,#96b958,#92705b,#98928c
313,0:26:05,#513228,#dfba91,#96b958,#91644e,#979285
314,0:26:10,#4c3127,#804c36,#1b1614,#66543f,#514b4c
315,0:26:15,#3d2824,#cd703b,#7d5140,#8e8d6c,#947c74
316,0:26:20,#4b2d1c,#dbb894,#9eb565,#8e513d,#9f9285
317,0:26:25,#4b2d1c,#d8ba96,#9eb664,#8d513e,#948880
318,0:26:30,#2f2621,#603e2f,#9e8174,#6e6964,#747468
319,0:26:35,#2a221d,#5d4132,#9a8275,#74746c,#746c64
320,0:26:40,#4d3326,#d6b791,#88533a,#9cb268,#988c8c
321,0:26:45,#3c2f25,#d5b67c,#8e6b41,#948e87,#9c9c8b
322,0:26:50,#4a3126,#cfb188,#824f37,#9ab068,#978880
323,0:26:55,#4a3126,#d6b68e,#825137,#9db169,#988c85
324,0:27:00,#332723,#734940,#96685a,#7a746c,#716c6c
325,0:27:05,#2f2321,#ae5441,#73463c,#8a8473,#705a7d
326,0:27:10,#603e2b,#e0c09b,#9fab71,#261812,#a49484
327,0:27:15,#6c4732,#e2c29c,#9eb567,#271913,#a59b8c
328,0:27:20,#39271f,#cea77e,#804c37,#9bac6e,#9a9385
329,0:27:25,#35251f,#c3a77f,#794734,#909c72,#928a87
330,0:27:30,#663129,#cf754b,#201612,#a4b354,#a08c84
331,0:27:35,#d75427,#3b1b1c,#f9db60,#71221e,#e08a7e
332,0:27:40,#3c1f1d,#d07444,#853c2e,#869953,#988c8c
333,0:27:45,#37211c,#d17844,#875038,#99b757,#93897c
334,0:27:50,#3a2723,#6f403b,#c7b8a4,#8c847c,#857a74
335,0:27:55,#3a2723,#6f413b,#c7b7a4,#8c847a,#847c74
336,0:28:00,#3e2a24,#c99766,#956b4b,#99b859,#9b8594
337,0:28:05,#352420,#bb7d57,#7a4435,#73406c,#7a7c49
338,0:28:10,#3b2721,#ce9c72,#824b3e,#8e956e,#958194
339,0:28:15,#3a2b20,#8e795e,#d5b58b,#97ae65,#908b87
340,0:28:20,#342622,#cc9067,#785340,#7b5d6c,#918082
341,0:28:25,#392d21,#c58f64,#8d6d54,#99bc55,#94908c
342,0:28:30,#36201b,#be7d50,#804330,#8e936d,#8a8275
343,0:28:35,#342118,#6f3b25,#9c674a,#7a7b5c,#816a5f
344,0:28:40,#332219,#b67157,#7a4931,#444c6c,#887c63
345,0:28:45,#34211d,#c2816b,#7f4335,#949888,#838386
346,0:28:50,#35221f,#c1896c,#7d3c30,#8d9686,#7c8188
347,0:28:55,#3d231b,#ca816b,#814732,#909b72,#867d74
348,0:29:00,#2d1f18,#ceb497,#72c872,#7f6b5a,#948c8c
349,0:29:05,#3c3023,#ba8d68,#8c664e,#94ac62,#8f8b86
350,0:29:10,#3a221d,#c28365,#783f2f,#92976e,#94847e
351,0:29:15,#3c3022,#b48a62,#865e48,#93ad60,#928b7c
352,0:29:20,#382826,#c7936c,#7d4e3d,#929185,#927a90
353,0:29:25,#563321,#d7836e,#a44942,#aaa592,#948c8c
354,0:29:30,#553423,#d79075,#a14c45,#aba591,#8c8c84
355,0:29:35,#362320,#ba8556,#7b3c2e,#919073,#8c807c
356,0:29:40,#382320,#c18f5e,#824030,#949771,#99818c
357,0:29:45,#36231e,#c09474,#84503f,#95a667,#968c86
358,0:29:50,#45291f,#cc916f,#884b35,#98ab68,#8d7a7c
359,0:29:55,#442820,#cd8a6d,#884a35,#99a96a,#8c747c
360,0:30:00,#46291e,#c79c65,#85472f,#97a072,#8a767d
361,0:30:05,#33231a,#c0a691,#744030,#75c574,#948c8c
362,0:30:10,#3c261b,#daa387,#845239,#96b65b,#948984
363,0:30:15,#3b261b,#debf9a,#835438,#95b758,#948a84
364,0:30:20,#33201c,#b36647,#773b2e,#514a64,#7d7c5a
365,0:30:25,#3c261b,#dec7a3,#84563c,#95b35b,#8d867c
366,0:30:30,#1f1514,#b36a4b,#693c29,#846c5c,#8c645c
367,0:30:35,#251a19,#bb6f5a,#713f33,#45506c,#859972
368,0:30:40,#231919,#bf9371,#704036,#778f48,#8c8474
369,0:30:45,#171010,#c18051,#673c2b,#795c3f,#605056
370,0:30:50,#30241b,#ae9c7e,#6d653f,#90aa5c,#8f827d
371,0:30:55,#31241a,#bb8d75,#823a39,#899c64,#857c74
372,0:31:00,#371b1a,#ab323a,#881f27,#b5a27e,#96817c
373,0:31:05,#1f1511,#af793f,#714827,#8a7c3b,#7c6c64
374,0:31:10,#bd8f77,#2f1c24,#7f583d,#98937b,#7a7c8b
375,0:31:15,#3e1f13,#c68540,#93431f,#a8a093,#88847d
376,0:31:20,#331c13,#b9742a,#86401b,#8f7e45,#946c64
377,0:31:25,#3d281f,#cfa27f,#8f4e3d,#a1a57c,#968b82
378,0:31:30,#c7ac91,#372019,#874430,#9c9b7f,#87827c
379,0:31:35,#c4b292,#35221b,#ae852d,#851821,#a7665b
380,0:31:40,#74422c,#d5b990,#ae9f6a,#2b1c17,#668686
381,0:31:45,#74432d,#d4c199,#2b1d18,#c47d4a,#85978f
382,0:31:50,#794730,#d5c4a1,#ca865b,#2c1f19,#93a097
383,0:31:55,#7b473d,#d2be96,#34241f,#ca7c61,#a7929b
384,0:32:00,#b1966a,#835342,#d9c68a,#f2e0bd,#7a774d
385,0:32:05,#6d4331,#d2bf82,#c99d5c,#b09251,#b9a78d
386,0:32:10,#352a25,#c29770,#9c9d85,#8c5b46,#959287
387,0:32:15,#773d28,#c7965b,#241614,#a39560,#a77d80
388,0:32:20,#53251d,#d4bc98,#a55f31,#ad9968,#ad8087
389,0:32:25,#7c3a23,#dbb580,#a6a681,#211b18,#8d8985
390,0:32:30,#512c21,#d0b290,#aba06d,#a1583d,#968685
391,0:32:35,#342d1c,#c5884a,#87512e,#9fa382,#949386
392,0:32:40,#2d1713,#d7c9ac,#752523,#b48530,#817a5e
393,0:32:45,#381d1a,#cb9f64,#a09f7c,#914031,#4d6584
394,0:32:50,#d7ccaf,#691d21,#988672,#8d6e42,#695d43
395,0:32:55,#bf975f,#37211e,#942d2d,#e3dab6,#e3d5aa
396,0:33:00,#bba583,#342218,#7c372d,#9a6a2b,#786952
397,0:33:05,#845034,#2b1916,#e0cb93,#d49244,#a6a28f
398,0:33:10,#824f34,#2c1a16,#dfc98f,#d38f45,#a2a28f
399,0:33:15,#dbceb0,#8a2921,#431e18,#857f45,#9f886f
400,0:33:20,#dac7ab,#341c1c,#8e3b29,#aa9678,#a9837c
401,0:33:25,#ba8b5d,#352020,#8e2425,#e1d5b6,#e8cd77
402,0:33:30,#32171a,#daceb0,#9ca077,#c9222c,#8c8484
403,0:33:35,#2c1a14,#975127,#682f1d,#5d6840,#564b53
404,0:33:40,#473428,#c19d70,#957758,#ab946c,#a08a80
405,0:33:45,#322017,#d3bb9f,#7b3924,#8d8f69,#8e837d
406,0:33:50,#dbcfb0,#47251b,#882922,#a68641,#8f8369
407,0:33:55,#371b17,#d8ccaf,#aa292a,#8d816a,#8c7445
408,0:34:00,#171311,#3e312a,#2e2521,#232138,#343c2f
409,0:34:05,#221c18,#bdb397,#a86643,#715e3e,#8c867c
410,0:34:10,#1f1b17,#bc9e82,#6f533a,#889270,#8a8484
411,0:34:15,#b7a388,#221e1c,#72553a,#909175,#85837c
412,0:34:20,#2a221e,#c3b396,#aa7354,#766643,#848684
413,0:34:25,#191515,#757164,#3e3837,#475b4c,#252a59
414,0:34:30,#2b2c22,#b29160,#7a6d4b,#879565,#888585
415,0:34:35,#2b2c22,#b39261,#7a6d4b,#899965,#7c8484
416,0:34:40,#201b15,#b7884e,#6d512f,#897542,#786854
417,0:34:45,#29211d,#bea378,#756045,#8e8f74,#54648a
418,0:34:50,#32221f,#af8d5c,#7e6541,#8d8b73,#545f7c
419,0:34:55,#30231a,#c3a77c,#929275,#714c32,#7d6787
420,0:35:00,#271313,#be9b41,#704723,#8b7c30,#8c5654
421,0:35:05,#4f2621,#ba8e4f,#1e1613,#948861,#426378
422,0:35:10,#3c2921,#c49351,#8e5f33,#959f6e,#908a7c
423,0:35:15,#29241e,#c6b98b,#6b6245,#83955a,#707087
424,0:35:20,#2c271f,#cbbf90,#73694a,#929675,#8d848d
425,0:35:25,#2c1d17,#aa6939,#d7b061,#736136,#8c8076
426,0:35:30,#1b1011,#bb6950,#67322a,#87886d,#887474
427,0:35:35,#1c1011,#bd654c,#692e29,#858563,#886e64
428,0:35:40,#361e1a,#87492d,#af583d,#938d4d,#888088
429,0:35:45,#281513,#c56c4f,#8d865c,#773a2e,#7c747c
430,0:35:50,#241412,#be6a4e,#70372c,#8a8543,#7d7b7c
431,0:35:55,#231111,#be6b4f,#71352b,#87824d,#7b7479
432,0:36:00,#1f1512,#c0876c,#724a39,#8b8469,#5f6777
433,0:36:05,#271d1b,#cfad7e,#89735b,#889976,#476185
434,0:36:10,#1f1717,#a3866a,#6c3d39,#848564,#7c7474
435,0:36:15,#998260,#2b2a2f,#e0bf83,#5b2e25,#e0d0b4
436,0:36:20,#373233,#e0bb81,#9c815f,#97be75,#a09abb
437,0:36:25,#bda173,#2a2b31,#5a2f24,#675948,#d1c5bc
438,0:36:30,#292020,#c6a074,#8a7056,#8d9467,#32547d
439,0:36:35,#967a5a,#29323e,#deb483,#583a20,#c0b8c0
440,0:36:40,#261f1c,#a3876b,#6e423f,#858a62,#807874
441,0:36:45,#27201c,#a48469,#6f4441,#828760,#8c6c74
442,0:36:50,#2d2928,#dbb985,#9b825e,#a69f9c,#8a889a
443,0:36:55,#302c2b,#ddb786,#9d835f,#7abc95,#9c97b2
444,0:37:00,#b09d8c,#2d2119,#856734,#5c3625,#f6e6a5
445,0:37:05,#231b17,#ac956c,#6c4439,#878966,#867c74
446,0:37:10,#211714,#b49e89,#859656,#76655a,#847876
447,0:37:15,#221714,#c0a484,#84994f,#6f4936,#69697b
448,0:37:20,#221714,#c0a484,#84994e,#6f4935,#5d667b
449,0:37:25,#967959,#293039,#dfb282,#5f3721,#bdb4c0
450,0:37:30,#27201c,#a3886c,#6e4240,#878a67,#847c7c
451,0:37:35,#291f1c,#ad886a,#938c73,#734946,#897b74
452,0:37:40,#6d4f34,#d3af84,#1c1413,#8c8992,#83b18f
453,0:37:45,#bc9d7a,#1c1c1e,#806c56,#7d8f83,#506584
454,0:37:50,#1f2227,#cda87f,#887059,#89ab75,#8b88a1
455,0:37:55,#262528,#cda67e,#887059,#5b6b86,#6bb373
456,0:38:00,#26272e,#cea67c,#89715a,#73a170,#86829b
457,0:38:05,#8b7057,#251c17,#e4b769,#492e1f,#d9c4a6
458,0:38:10,#7b604e,#1a1211,#d89a7c,#9d9a94,#a8a98f
459,0:38:15,#30241f,#98735a,#da9777,#95948a,#8d8792
460,0:38:20,#2e1e19,#c37f64,#785037,#85817e,#819650
461,0:38:25,#2a1918,#5f2023,#464145,#8a6535,#6c665c
462,0:38:30,#a78866,#202228,#755a4e,#5fbc7f,#84828f
463,0:38:35,#271514,#c6ac81,#682423,#907e61,#405875
464,0:38:40,#1b1517,#a6977e,#738055,#565537,#746c6c
465,0:38:45,#3f2021,#d1b186,#917559,#9e947c,#475d86
466,0:38:50,#3d1a1b,#c4a881,#8b8069,#744531,#4c607a
467,0:38:55,#3e1e20,#cdb083,#8c7053,#92907d,#576686
468,0:39:00,#3c1c1d,#cab386,#85694d,#55647a,#948e76
469,0:39:05,#2a1819,#641a1f,#a08459,#626760,#6a805a
470,0:39:10,#1c1415,#9a8c71,#565338,#66744d,#686464
471,0:39:15,#32241d,#bea37c,#82684e,#8ea084,#707e92
472,0:39:20,#261c1c,#9d8673,#6f775d,#595138,#766c6c
473,0:39:25,#251a15,#ba9e79,#74593f,#717387,#878c82
474,0:39:30,#251b19,#bca07c,#715540,#4c6086,#7f906c
475,0:39:35,#271b18,#bfa582,#7b6450,#3d587d,#8f8f7f
476,0:39:40,#281f1b,#bb7957,#7b4f3a,#8f8875,#909767
477,0:39:45,#291f1b,#b2644d,#7e5642,#d2bf82,#807d7c
478,0:39:50,#282126,#c0a481,#7b4f46,#6eb88a,#7e7c91
479,0:39:55,#28242b,#c3a17c,#7b433e,#7ba29b,#6d7491
480,0:40:00,#3a251e,#d79e7f,#94794c,#a5b857,#9a8e85
481,0:40:05,#2c2425,#cea57d,#8f5e41,#a19573,#596887
482,0:40:10,#d5caaf,#2c201d,#a82a42,#a07750,#7d7864
483,0:40:15,#d1c8ae,#3f3521,#877e68,#6c644b,#74694c
484,0:40:20,#987c5c,#2a2f36,#deb281,#5b3f22,#cbc0b8
485,0:40:25,#271f1f,#a48366,#6b4240,#868a66,#867474
486,0:40:30,#292021,#b08565,#938c73,#75423e,#847774
487,0:40:35,#1d1715,#a3987f,#798371,#63403a,#77736c
488,0:40:40,#1d1a17,#a8a38f,#5e463d,#40697e,#7a7f6d
489,0:40:45,#1c1917,#a6a28d,#574139,#717666,#40667b
490,0:40:50,#241c1c,#5a3a2b,#834e33,#5e5455,#443e44
491,0:40:55,#361b16,#ccbd8d,#7a532f,#86975c,#8c8174
492,0:41:00,#3d1e1a,#d3c1a1,#843329,#959586,#446f91
493,0:41:05,#361a15,#d2bf90,#9aac6a,#7d5833,#94837c
494,0:41:10,#2a2732,#a77751,#576073,#67564b,#6e787e
495,0:41:15,#332821,#c0b396,#7b7258,#aa6d60,#8a6093
496,0:41:20,#493a27,#d8a173,#8db291,#967757,#6f9399
497,0:41:25,#72624d,#d5b692,#26201c,#94b0a3,#889a9f
498,0:41:30,#3c362f,#d4c6a4,#978764,#a2a58b,#467395
499,0:41:35,#3c372e,#d1c4a2,#978764,#a2a48c,#457395
500,0:41:40,#3a342d,#d7c7a3,#988764,#a7ab95,#437295
501,0:41:45,#7c694a,#2f2c22,#dbd2ab,#dba177,#a5ad9f
502,0:41:50,#544832,#d9b385,#9fb38f,#a17d5e,#889899
503,0:41:55,#3d3429,#d1987c,#866a50,#98b25f,#969184
504,0:42:00,#3c3429,#cabd90,#846e51,#99b260,#999485
505,0:42:05,#3e392f,#876c4a,#c68370,#968d75,#97847c
506,0:42:10,#445260,#221d1b,#a77d6a,#874041,#658c91
507,0:42:15,#2c2e34,#965f59,#695a41,#4b6476,#81925f
508,0:42:20,#2c2e35,#965e58,#675e42,#4e6b7c,#7f9161
509,0:42:25,#333333,#9a8d73,#4f6a7d,#607343,#748959
510,0:42:30,#363130,#bb8564,#476784,#805f41,#9aa972
511,0:42:35,#372e28,#b47d5d,#795a40,#4b6283,#8c9c65
512,0:42:40,#6f4b39,#be966e,#252020,#9ca776,#9c9385
513,0:42:45,#4e3a28,#d78b7a,#9ab266,#924f44,#6e7d84
514,0:42:50,#80593f,#2a2019,#c3c68f,#9c9b84,#da5d5a
515,0:42:55,#392c24,#ce8a74,#885142,#9b9884,#567684
516,0:43:00,#372b24,#d57a6b,#864c3d,#9b9984,#848484
517,0:43:05,#7e583e,#282118,#da8d7c,#9c9b84,#9cba61
518,0:43:10,#3c3129,#ba795e,#865e42,#55567d,#99b267
519,0:43:15,#3c322a,#b77e5f,#865e43,#99b264,#575884
520,0:43:20,#3c3128,#b88162,#865e43,#56577d,#99b166
521,0:43:25,#28292a,#666553,#b4a591,#51828c,#7a8c88
522,0:43:30,#21232e,#c2bda8,#787c7a,#69768c,#838c86
523,0:43:35,#25272f,#b1a68e,#687489,#70695b,#8995a3
524,0:43:40,#262830,#6c6b62,#6b7685,#b3a890,#858c85
525,0:43:45,#60799c,#192026,#3e4e63,#686960,#556c6f
526,0:43:50,#4b5971,#14191a,#8495a2,#7c8395,#1b2335
527,0:43:55,#505e78,#8a9aa4,#7b8ca0,#313840,#24344c
528,0:44:00,#262830,#6a7789,#9f9d91,#686863,#8b959d
529,0:44:05,#6299b0,#435e84,#7fbcbc,#a0baae,#4d748c
530,0:44:10,#2f444e,#456475,#774d53,#211a23,#57767a
531,0:44:15,#342c28,#978f72,#6e5d4b,#55536e,#838468
532,0:44:20,#332725,#64473f,#957865,#4c5474,#7c745c
533,0:44:25,#352827,#6b4d41,#927864,#4a4f6c,#7e745d
534,0:44:30,#2e2d2a,#7b514f,#5b3940,#6a6464,#6c6c5c
535,0:44:35,#2e2d2a,#7c5250,#5b3940,#605d5c,#6c6c66
536,0:44:40,#2e2d2a,#7d5551,#5b3940,#6b6450,#4a4e5c
537,0:44:45,#33312e,#96806f,#633b44,#747466,#6c646c
538,0:44:50,#2c2b27,#7b5751,#5a3940,#646443,#3c4b5c
539,0:44:55,#2c2b26,#83675b,#5b3b41,#3d4c5c,#646441
540,0:45:00,#2b2a25,#7c5a52,#5b3a40,#3c4954,#64643f
541,0:45:05,#2b2a25,#7c5a52,#5b3a41,#3c4a54,#646440
542,0:45:10,#311f1f,#937364,#706c52,#635041,#54526b
543,0:45:15,#413e35,#97a18f,#adab94,#7d887d,#80816d
544,0:45:20,#413e35,#a4aa95,#979887,#b7b09c,#868372
545,0:45:25,#292524,#5a5e5d,#827e76,#6e7970,#70797c
546,0:45:30,#32292b,#8b7360,#635551,#626170,#777477
547,0:45:35,#32292b,#8b7362,#625450,#756e70,#5b5c6e
548,0:45:40,#382b26,#b6736d,#7d4243,#937d69,#6b6674
549,0:45:45,#4a413e,#181414,#7d7067,#6c6c67,#6c646c
550,0:45:50,#3e3839,#bd7d70,#8f4b4f,#939284,#757f8c
551,0:45:55,#453933,#c0746a,#86544e,#857f7e,#8f8e86
552,0:46:00,#453933,#c1726c,#865953,#8a8685,#919684
553,0:46:05,#473a34,#181312,#85807f,#716c69,#717074
554,0:46:10,#211f22,#4a4a4e,#71706e,#616569,#595964
555,0:46:15,#4d4742,#b7dac6,#d27571,#70937e,#9ca89c
556,0:46:20,#6c6450,#2b271e,#979f8b,#b68378,#95948c
557,0:46:25,#a6b294,#5a3432,#5e5838,#496356,#d1d9cf
558,0:46:30,#373335,#9e9896,#6f5959,#78787d,#798781
559,0:46:35,#3a3537,#a39b99,#828a88,#745a58,#79787d
560,0:46:40,#919783,#78272e,#d4b3a5,#574d2d,#2e3423
561,0:46:45,#9ba991,#a12b35,#21201c,#dab9af,#717a3d
562,0:46:50,#acae98,#9c2a35,#2a2727,#6c9993,#8b6c45
563,0:46:55,#abae98,#9c2b35,#2a2727,#6c9791,#8a6b44
564,0:47:00,#523d35,#d3877c,#94c3bc,#a0594f,#6d9453
565,0:47:05,#454725,#d6917d,#7abfb3,#988440,#9f968e
566,0:47:10,#403f25,#ca8779,#7bb7a2,#8c5b4c,#938b8c
567,0:47:15,#3c3627,#d88678,#9bb08d,#905049,#587c8d
568,0:47:20,#493c37,#aab3a0,#d3a6a6,#9c465f,#9c81a2
569,0:47:25,#7f604c,#313126,#c5b689,#ea6a66,#bc9da0
570,0:47:30,#805f4c,#313025,#c7b787,#ea6966,#c09da0
571,0:47:35,#322923,#c8c090,#796659,#969886,#898888
572,0:47:40,#5f5242,#aa9484,#241b14,#887f74,#918d70
573,0:47:45,#393024,#bdb484,#b68a6b,#718a55,#808982
574,0:47:50,#343523,#c4ae81,#8ba76e,#7d7c54,#7e8581
575,0:47:55,#392f28,#966c5e,#704440,#7e7d68,#716e6c
576,0:48:00,#9b8878,#2f221a,#605345,#49372a,#574633
577,0:48:05,#2e281f,#b8c2ad,#8fbc9a,#7e655e,#85848c
578,0:48:10,#9c8878,#30221a,#605345,#48372b,#574633
579,0:48:15,#2c271e,#b4b4a1,#82bfb0,#7f534a,#7d8484
580,0:48:20,#2b271e,#806058,#b6ae9d,#85bfb0,#868b8c
581,0:48:25,#81a14e,#d2c7a4,#393d20,#a4cbb6,#385e33
582,0:48:30,#657836,#d79883,#82a7ad,#312718,#a7c764
583,0:48:35,#4a5928,#d89882,#8dba76,#948c4a,#a88da6
584,0:48:40,#75923f,#d7a88b,#332d1b,#87afaf,#32563c
585,0:48:45,#75913e,#d7a489,#342c1b,#83abad,#325841
586,0:48:50,#6f8641,#e1ae98,#362e1e,#acaca8,#2a4622
587,0:48:55,#4c622d,#dcac95,#9cc25c,#968b52,#a2a2a4
588,0:49:00,#50602f,#e3b299,#a6c56e,#a18659,#9d909f
589,0:49:05,#7d9949,#dcb898,#3b392a,#a5b2ae,#2f4f3d
590,0:49:10,#7d9a49,#393929,#dcb899,#a9b5ae,#31512d
591,0:49:15,#849f4e,#2d3a22,#5f443a,#d5cfbd,#dca881
592,0:49:20,#77963f,#d5a183,#39331f,#80acae,#325e49
593,0:49:25,#75923f,#d7a386,#342c1b,#7cb0b1,#315538
594,0:49:30,#577232,#d38d77,#9ac35d,#38291a,#a58e9b
595,0:49:35,#587332,#cf8c75,#9bc35e,#362a1a,#a48e9b
596,0:49:40,#587332,#ce8c75,#9ac35d,#362a1a,#a6929e
597,0:49:45,#587332,#cd8a73,#9bc35e,#362a1a,#a38e9b
598,0:49:50,#587332,#cf8d75,#9bc35d,#362a1b,#a4929a
599,0:49:55,#556f31,#cd8b74,#95be57,#372a1b,#a48f9b
600,0:50:00,#708938,#2f2e18,#ddb192,#89aeac,#abce63
601,0:50:05,#6f8937,#d7b18e,#2f2e18,#81aeae,#a7cd5e
602,0:50:10,#708938,#302e19,#dcaf8f,#90b2af,#abce63
603,0:50:15,#749239,#d8ae8c,#3c351f,#83aead,#325835
604,0:50:20,#6b6d4a,#c78776,#b3c0a0,#73a5a6,#561f1e
605,0:50:25,#73684a,#ce9685,#7aa5a5,#95bd9b,#2f3c21
606,0:50:30,#806d53,#345138,#c7cbaf,#dc706a,#8baead
607,0:50:35,#372c26,#c49087,#57a5a3,#7f383b,#828187
608,0:50:40,#35a3af,#bfcec6,#4f673a,#62525d,#94d4b4
609,0:50:45,#4c4737,#caa894,#9b4846,#76705d,#666242
610,0:50:50,#1f98ac,#b7ccc5,#7bb0b3,#4aa3b3,#54bcd0
611,0:50:55,#bbb1a0,#7c2d34,#45a3ae,#6d8780,#676848
612,0:51:00,#b7af9d,#33686d,#882a34,#608f8f,#6a6948
613,0:51:05,#514136,#c89269,#956247,#968980,#a5a497
614,0:51:10,#504037,#c18064,#906746,#908580,#9ea69d
615,0:51:15,#7a513c,#db876e,#1e1514,#a3b085,#9c968c
616,0:51:20,#5e4536,#bb8c6f,#221a18,#92857c,#a2aa88
617,0:51:25,#5e4636,#c39171,#221a18,#a78f7c,#aaa081
618,0:51:30,#5e4536,#bb9072,#221a18,#96877c,#a1997f
619,0:51:35,#3d3a39,#b4a292,#789ca9,#756a63,#697e8a
620,0:51:40,#36353b,#7f7d56,#585b47,#696d52,#5b5b5d
621,0:51:45,#26222a,#594632,#403c4c,#0b0e10,#4c4c3c
622,0:51:50,#2a2b39,#3f485d,#721d31,#521d2b,#434c54
623,0:51:55,#2d2834,#555468,#8f7657,#62524b,#776d5a
624,0:52:00,#37333a,#99785b,#6f5745,#82755d,#7a6a6c
625,0:52:05,#423129,#d78572,#904c43,#a09c8a,#a1948c
626,0:52:10,#3b2d22,#bc9976,#83664b,#959c84,#939084
627,0:52:15,#4e3429,#deb9a0,#a6ada0,#9f5046,#807397
628,0:52:20,#724b36,#d4ba89,#c69656,#2e1f1a,#9d9ea1
629,0:52:25,#5b3824,#ce685e,#d7b99a,#996645,#a59c90
630,0:52:30,#533729,#c7957b,#966544,#a9a08d,#9f9285
631,0:52:35,#553c2e,#d49e82,#96af8b,#9e6445,#a3938c
632,0:52:40,#835142,#2f2929,#d6b493,#dd675f,#b49c9c
633,0:52:45,#302822,#d0a87c,#89694f,#9d8d75,#867981
634,0:52:50,#312823,#cda67b,#9d9079,#886a4f,#847d86
635,0:52:55,#171414,#a78967,#654f40,#767e60,#786f75
636,0:53:00,#806244,#d8b18a,#1e1819,#b39465,#9c8c84
637,0:53:05,#171519,#88807d,#434766,#555f5e,#403635
638,0:53:10,#816345,#d8b18a,#1e1819,#b29c77,#9f9285
639,0:53:15,#131114,#8c807f,#452d31,#5b545c,#5b5c5b
640,0:53:20,#584432,#1c1514,#8b6f46,#7b6e51,#6f5b5f
641,0:53:25,#5a4633,#181211,#beac95,#8a7d7c,#948c7d
642,0:53:30,#5a3f35,#dcc085,#99694a,#bf8058,#b8989c
643,0:53:35,#856b44,#cf986f,#e6c896,#32231d,#a677ae
644,0:53:40,#a99366,#63342c,#e3cfad,#504d32,#dfcc9b
645,0:53:45,#978051,#363526,#d9a274,#943431,#ddc4a1
646,0:53:50,#988252,#373526,#943531,#d8c39c,#d89e74
647,0:53:55,#6b4d30,#e2b690,#d17664,#a58a62,#bbab99
648,0:54:00,#4b3f28,#cb776c,#896750,#9d9997,#a3a78f
649,0:54:05,#41392e,#cda47e,#8a775f,#a4a485,#9f988d
650,0:54:10,#998e61,#75262b,#395042,#e0d9bd,#dbd2ab
651,0:54:15,#3c3429,#c6b486,#c36f5e,#88775a,#9a9794
652,0:54:20,#a78861,#403028,#565544,#d1bca6,#d8ce94
653,0:54:25,#a0835d,#322d28,#cdb8a1,#deb383,#623a28
654,0:54:30,#282221,#d6ab76,#987a57,#95ac91,#80869b
655,0:54:35,#d0a372,#2a1b17,#998f6e,#894d34,#4e6386
656,0:54:40,#1d1616,#a08d6d,#685740,#7a7368,#848464
657,0:54:45,#21202d,#b09975,#756452,#828488,#717187
658,0:54:50,#211f2d,#926e65,#574647,#656472,#74747e
659,0:54:55,#352c2d,#a43d3d,#753c39,#788244,#5b5554
660,0:55:00,#322a37,#8f2a2f,#632f3a,#6e5c4e,#51495c
661,0:55:05,#2f2836,#8d1c2b,#5c2433,#484154,#4c4c59
662,0:55:10,#3e3337,#5c515e,#a72932,#7d282e,#1a1c1c
663,0:55:15,#523026,#ddbd80,#d16550,#aa493c,#8594a9
664,0:55:20,#895939,#291e18,#e2c880,#a278ad,#dc765b
665,0:55:25,#8c5d35,#281e18,#e4cc7c,#de745f,#bea893
666,0:55:30,#724336,#cc846a,#261916,#a59e7d,#a08f8e
667,0:55:35,#be5e4c,#412b25,#e1bf82,#6d3d2a,#c0a197
668,0:55:40,#b96c53,#492c23,#e4c882,#6d1f22,#d5a38d
669,0:55:45,#76492a,#e18875,#312618,#b1aa99,#a89996
670,0:55:50,#c0654b,#4a3026,#e4c886,#84232d,#cea39d
671,0:55:55,#784b2a,#de8577,#33291a,#b2ab97,#b29b8d
672,0:56:00,#ba5d4b,#3b2927,#e0be86,#653a28,#b89f9c
673,0:56:05,#29282c,#d6b185,#917355,#a0a1a7,#8187a7
674,0:56:10,#836340,#362a26,#d6955f,#e5c49a,#bdab9d
675,0:56:15,#b38355,#3a241b,#733829,#6d502e,#dbc3a7
676,0:56:20,#b2965c,#43372e,#5e5d3f,#dbcbb0,#f8d587
677,0:56:25,#b2965b,#3d342d,#535241,#dbcbb1,#f8d587
678,0:56:30,#bfc5a3,#423934,#797369,#856d4a,#61725d
679,0:56:35,#c8b799,#7e5232,#4b3c2e,#7d7463,#956840
680,0:56:40,#e0b88b,#5f2f28,#c56e56,#857233,#6d5f47
681,0:56:45,#ad7c55,#e7cea9,#4f3223,#59472f,#dfbf8f
682,0:56:50,#c09367,#503b26,#8a4537,#e9d1ad,#80562b
683,0:56:55,#c19669,#513c25,#ecd4b1,#874635,#7f552b
684,0:57:00,#c19366,#594027,#e9d1ad,#854733,#81552b
685,0:57:05,#cfbc91,#453c3a,#64695d,#917b60,#917342
686,0:57:10,#cbb68e,#433422,#9d4643,#918b40,#808469
687,0:57:15,#bb9a78,#4f3c24,#a53a3e,#73542e,#decdb5
688,0:57:20,#b89460,#33281a,#ead8b7,#edd29c,#6f4128
689,0:57:25,#c29e67,#2d2117,#ebd8b7,#70472d,#f1d89d
690,0:57:30,#c7a57f,#3c3429,#a34242,#d8d7c0,#7f6838
691,0:57:35,#c5a46e,#1d160f,#efddb6,#6b452e,#7d6740
692,0:57:40,#b9896a,#4c3d2a,#d9cdba,#7d322b,#e0c490
693,0:57:45,#c5a46f,#1e160f,#efddb6,#6c452f,#7c6740
694,0:57:50,#c79d7f,#463329,#992d30,#76604f,#be8128
695,0:57:55,#bb9b68,#3f342f,#e5d5b1,#595b4c,#f5d695
696,0:58:00,#51302a,#d8a567,#a55e42,#a8ad8a,#8869a3
697,0:58:05,#ae694b,#2d2c30,#decca0,#564033,#9eab9a
698,0:58:10,#3a3341,#754f44,#b5966d,#877c5d,#6e6e7c
699,0:58:15,#4b3c36,#d8bd85,#8d5d47,#8394a3,#94a572
700,0:58:20,#c0996d,#273347,#726054,#c5c2c4,#673423
701,0:58:25,#b5946a,#273144,#ccc8c2,#672e22,#ead790
702,0:58:30,#362d36,#775143,#b18a6a,#4b455c,#938876
703,0:58:35,#a08653,#8c2a32,#d5c585,#d9baad,#554a2e
704,0:58:40,#c1965a,#2a3646,#89322a,#cbc5bd,#edd28b
705,0:58:45,#be9260,#2d333c,#99282b,#d5ccc0,#d9e082
706,0:58:50,#c49a62,#323535,#883232,#735e46,#ded4c1
707,0:58:55,#463b40,#bba689,#866d50,#999591,#8c8999
708,0:59:00,#be9164,#33393c,#8e3231,#ddd4b9,#dcd5a8
709,0:59:05,#413f52,#cabca2,#81493f,#94949c,#949c9c
710,0:59:10,#452e26,#c25140,#9b4735,#a9957c,#968290
711,0:59:15,#38261f,#c06545,#8e4e35,#a19781,#9c8486
712,0:59:20,#7b4c35,#282f37,#d3b98c,#db845e,#a59ea2
713,0:59:25,#b48959,#2e2d2b,#942e2f,#d5ccbc,#e4d766
714,0:59:30,#bf7f4b,#402e1e,#e3c78c,#932c2a,#b7ae9e
715,0:59:35,#c4804a,#422e21,#e4c88f,#8d2c2a,#d3b196
716,0:59:40,#c68455,#433022,#a1292a,#e6d4af,#c4b4a6
717,0:59:45,#6c3b29,#c8554a,#2d1f1f,#b09e66,#a48c8c
718,0:59:50,#65382c,#cf804a,#272429,#ad9d75,#506586
719,0:59:55,#947d5b,#352b2d,#ded2b5,#68322d,#daa886
720,1:00:00,#7a4f39,#dbbd75,#cc8e44,#291e19,#aa858f
721,1:00:05,#7b512c,#d6c07e,#d07349,#2a201e,#9d9995
722,1:00:10,#49291f,#caa95e,#a19c51,#9c5a37,#ab8887
723,1:00:15,#c5ac6d,#544434,#6b5c49,#8a704b,#e5cda9
724,1:00:20,#956948,#deba8e,#d79f6b,#493523,#c2a996
725,1:00:25,#98825a,#32281d,#e9d6b5,#dac89d,#4b4537
726,1:00:30,#9a7950,#dabb86,#423423,#662d2a,#cca79c
727,1:00:35,#947f4a,#c8b892,#d0a962,#433518,#5a3b18
728,1:00:40,#8e793f,#d4b06d,#40301a,#a39b83,#5a3b19
729,1:00:45,#a17f44,#f7e0b4,#ecc985,#402f15,#593b19
730,1:00:50,#866b37,#32251b,#daa15e,#ecc987,#ecb49c
731,1:00:55,#8d6c3b,#402f1c,#dbaa71,#5b321d,#d1b597
732,1:01:00,#9d7845,#43331d,#5b321c,#ccb396,#e5ca91
733,1:01:05,#442320,#cfa882,#a69575,#9a3e37,#7f7b93
734,1:01:10,#9c7c42,#46321c,#534421,#e9cb9a,#e9c57c
735,1:01:15,#9e8157,#741724,#36342c,#dcd4b7,#ddaf84
736,1:01:20,#a57d44,#48361e,#653920,#e9bf81,#e5c29b
737,1:01:25,#201c14,#ae976d,#6f4c32,#8c9b70,#8b887d
738,1:01:30,#3d2220,#caa37b,#97453b,#9e9a85,#828295
739,1:01:35,#b89a5b,#e6bf90,#7e5b2e,#7e6f4f,#8e6d2c
740,1:01:40,#a48444,#43321b,#efca7f,#783325,#debea0
741,1:01:45,#88703c,#34261c,#cfa869,#e5c888,#c5ad96
742,1:01:50,#826831,#cda367,#2f251c,#b0b56c,#b8a890
743,1:01:55,#80662f,#2e231b,#c8985f,#cfb66d,#b9a98c
744,1:02:00,#8b6d3b,#352b20,#cfa466,#543015,#b7a384
745,1:02:05,#826d3c,#daa861,#342a20,#523a1e,#b4a07f
746,1:02:10,#cbbd8c,#5e502b,#816535,#987c3e,#e8e7c5
747,1:02:15,#e3d8b7,#90a674,#afc292,#a4b37b,#bba288
748,1:02:20,#8e9350,#d3e0ac,#afba8c,#ddbf82,#bfd496
749,1:02:25,#424d1b,#718c4d,#89a167,#6a733b,#708354
750,1:02:30,#c4cda4,#7e9f63,#935d4c,#66875e,#637949
751,1:02:35,#9fc08a,#645647,#dacbad,#588f74,#6e824b
752,1:02:40,#687b40,#9db46d,#9aa06f,#4a512a,#8b956c
753,1:02:45,#b7ac7e,#834742,#696144,#f6e2a5,#81793c
754,1:02:50,#beb583,#382a1f,#a5464b,#e0ddba,#7f663a
755,1:02:55,#b0c589,#7f5548,#e6e3c1,#5c8867,#707544
756,1:03:00,#b0c488,#7e5448,#e6e3c1,#628b69,#607742
757,1:03:05,#8e5a49,#31312f,#dccfa9,#dea581,#a7a4bd
758,1:03:10,#6b473b,#d7b47b,#271b1a,#a5b193,#8a938e
759,1:03:15,#cbc99c,#61403f,#4b6581,#b77767,#8f7141
760,1:03:20,#babb82,#754d44,#e7ddba,#636e57,#7c783c
761,1:03:25,#6b7e43,#98a26d,#9dbd6a,#404625,#8c9b6c
762,1:03:30,#c1cea0,#543e30,#5e6f4d,#898d66,#80724b
763,1:03:35,#c3b387,#474747,#e4dabf,#6f483a,#7a6538
764,1:03:40,#b39a71,#3d4f65,#645c46,#6e3e3e,#dcd4b9
765,1:03:45,#b49d73,#3d5169,#6e4341,#665f46,#e8d8ba
766,1:03:50,#c8bf9b,#444b5a,#a04a47,#7e7d61,#666743
767,1:03:55,#723636,#d6af67,#28221b,#a6a45b,#938994
768,1:04:00,#bd9978,#463925,#69613e,#7a3736,#635229
769,1:04:05,#c8ac85,#32455f,#7a3d37,#bd943a,#827063
770,1:04:10,#b5af85,#41484e,#646e4d,#634734,#675931
771,1:04:15,#aca774,#524841,#e1d6b7,#8c4f4b,#7a522b
772,1:04:20,#a09770,#403522,#534c38,#e0dfb9,#615033
773,1:04:25,#595143,#d5b79c,#93896d,#a9a487,#a49a8c
774,1:04:30,#bdc29a,#88444e,#566142,#ad666b,#738e55
775,1:04:35,#dee0b3,#94a780,#8b8c81,#a7be8b,#a49c74
776,1:04:40,#c5b99d,#817969,#746353,#ede2cd,#a6716b
777,1:04:45,#9eb3a3,#dcdcb6,#616469,#638f8c,#6c7563
778,1:04:50,#ccc092,#5c4937,#785e45,#8b745a,#856c44
779,1:04:55,#ccc092,#827256,#a28d6c,#98845b,#8b8463
780,1:05:00,#ebd1a7,#6d5e46,#bc6c62,#c3826d,#957c54
781,1:05:05,#bebc91,#7f5445,#483f2e,#829c80,#73674a
782,1:05:10,#b8a16a,#342f24,#656438,#d7ccaa,#f7db87
783,1:05:15,#726447,#d2b282,#201e1b,#adae6f,#a19bb1
784,1:05:20,#847552,#3f3c2c,#d2c187,#a09a85,#bbb47c
785,1:05:25,#484331,#ceb188,#968559,#a9aa80,#7a969c
786,1:05:30,#a38961,#253143,#5f3231,#eaddc1,#efd395
787,1:05:35,#ad9a64,#27231c,#676939,#cacdb0,#5b4129
788,1:05:40,#41413f,#d6977b,#94775e,#a3a799,#8798ac
789,1:05:45,#b09b65,#26282a,#d7dab8,#686c3a,#5f4028
790,1:05:50,#442b22,#c1c2a8,#b79261,#908861,#9ea28d
791,1:05:55,#3e3526,#c0a37d,#a0a289,#8d704d,#918e7f
792,1:06:00,#292532,#6c696d,#5c5c62,#514d55,#5c5464
793,1:06:05,#453e32,#ccad8e,#8c7a5c,#a39c83,#9f938c
794,1:06:10,#2d221a,#ceb274,#863e32,#929a70,#8a878a
795,1:06:15,#c8a97c,#30333a,#843e34,#81754c,#7e652c
796,1:06:20,#c9a47b,#303641,#913936,#7e7550,#7b602a
797,1:06:25,#bd8e6b,#424043,#c9c3b6,#9d393d,#dcd4ab
798,1:06:30,#949258,#3a2c26,#e3d7b8,#dbbb84,#435233
799,1:06:35,#2e251f,#9d795f,#7b6753,#d0ac80,#857772
800,1:06:40,#2d251f,#9c7860,#796654,#c8a985,#867871
801,1:06:45,#27211c,#6a5543,#a58367,#867571,#8c8c74
802,1:06:50,#28211d,#6a5443,#a37a63,#8a7b6d,#8c8c7c
803,1:06:55,#231f1c,#b37b6d,#694538,#6e5d6c,#847c6a
804,1:07:00,#241f1d,#b37c6d,#694538,#6a5a6c,#847c74
805,1:07:05,#191d25,#60554b,#453740,#535446,#424854
806,1:07:10,#2b3a4c,#19181b,#5e84a0,#866f78,#607c8c
807,1:07:15,#2a4b68,#bbc9b3,#6d899d,#7697b5,#84b0af
808,1:07:20,#1b3146,#d2b280,#6f6452,#56728a,#6f8ea0
809,1:07:25,#1c2836,#7f716e,#254463,#4e7b91,#3f627f
810,1:07:30,#393b41,#ab9884,#6c7072,#687d8c,#788c94
811,1:07:35,#312f39,#a49688,#776266,#838887,#70708c
812,1:07:40,#313039,#a59688,#776365,#838888,#6c748c
813,1:07:45,#a89685,#153245,#6a6b67,#558494,#6594a4
814,1:07:50,#2c2f33,#ab9984,#7a6c61,#818581,#6e7a86
815,1:07:55,#2d2f34,#ac9984,#7d8182,#796b61,#697384
816,1:08:00,#aa9983,#2d2f34,#7a6c61,#808584,#6e7a86
817,1:08:05,#26303e,#6e6463,#a29082,#4e6d87,#768487
818,1:08:10,#1f1b1b,#4e516e,#322e42,#41444a,#4d4d51
819,1:08:15,#201e22,#2c2c40,#44485d,#444044,#4b4c46
820,1:08:20,#332f28,#baa888,#7f7659,#7d898a,#889c74
821,1:08:25,#322f28,#dbd0ad,#827458,#a08969,#6a8795
822,1:08:30,#473727,#7a5c34,#689566,#80898c,#aea56b
823,1:08:35,#4a3928,#65955e,#7f6037,#778895,#cac292
824,1:08:40,#2c2821,#715741,#9f8f80,#6e947b,#727e87
825,1:08:45,#1e1f21,#56603a,#484c36,#6d6948,#48535c
826,1:08:50,#55432b,#201c17,#7391a2,#b9b16b,#87af61
827,1:08:55,#1e2024,#9f948d,#605b50,#797371,#848484
828,1:09:00,#392c1c,#795b2f,#daab34,#7d8c91,#869e75
829,1:09:05,#2a2828,#6d694c,#a39487,#749598,#788792
830,1:09:10,#26231d,#76532d,#65945d,#c49e4a,#828a8c
831,1:09:15,#19181b,#666e40,#55573e,#a2958a,#6c646c
832,1:09:20,#292820,#b6a483,#83a282,#755f41,#8c8c8c
833,1:09:25,#1c191d,#c3ae90,#6c5b4a,#8a8469,#8c7c7c
834,1:09:30,#60573b,#c8aa7e,#84a47b,#1b2211,#9b968d
835,1:09:35,#1d1a1c,#b8a692,#6c633d,#8b8286,#8c8c88
836,1:09:40,#6f535a,#d5d1bb,#232918,#c6677b,#bb96b1
837,1:09:45,#766454,#c8977a,#241d18,#a8b67a,#a7988c
838,1:09:50,#786555,#c8977a,#27201a,#a9b879,#a2978c
839,1:09:55,#695345,#c5b28a,#1d1713,#a4b78a,#a49494
840,1:10:00,#937967,#3c281e,#5c3732,#ccaa94,#cdbba8
841,1:10:05,#3d3935,#bb836a,#865a56,#948c6e,#847c7c
842,1:10:10,#3e3b37,#c28971,#855c54,#97855d,#875d74
843,1:10:15,#423832,#b1a18a,#7f6e60,#919a8a,#635c85
844,1:10:20,#423832,#b1a18a,#7f6e60,#919b8b,#635d85
845,1:10:25,#38615c,#cacdbd,#7dbfbc,#5eb0b7,#908f7f
846,1:10:30,#3c6267,#cbcabb,#6bb3c1,#2f2b22,#7fab88
847,1:10:35,#74705c,#dbbda9,#90b9af,#2e271c,#79aaa6
848,1:10:40,#23494a,#da8675,#876b4c,#1d89ae,#8dbabd
849,1:10:45,#352720,#d1a281,#a39b7c,#8e715a,#9867aa
850,1:10:50,#816a50,#30241c,#e4d5b0,#d2a67a,#bdb6ab
851,1:10:55,#3d2e23,#bda58a,#aa8b76,#83765e,#9b9284
852,1:11:00,#3b2d22,#b58f79,#836d59,#9b8b7c,#9b947f
853,1:11:05,#36271d,#cbac8f,#b6645d,#897760,#998984
854,1:11:10,#ccb98b,#1a1110,#703b28,#7d6733,#7a6f4d
855,1:11:15,#b18263,#362822,#792a26,#dacaba,#e2cb99
856,1:11:20,#baa271,#7d2824,#28201c,#dfd8ba,#626f49
857,1:11:25,#3e2d1e,#b87061,#835744,#9a978c,#908882
858,1:11:30,#36271d,#bd635c,#cbad8f,#897660,#9c948c
859,1:11:35,#3d2e1f,#bf8a6b,#82552a,#869cb1,#80869c
860,1:11:40,#3d2d1f,#c78a75,#82522e,#909c9f,#878495
861,1:11:45,#3f2d1c,#b7685e,#825436,#999c91,#8c8886
862,1:11:50,#3e3831,#a8a096,#7fb6b4,#826b61,#7a8b8c
863,1:11:55,#6e6956,#ccc0ad,#4ba5ad,#1e413d,#7abab7
864,1:12:00,#235c59,#6ab3c0,#867f61,#cbcfc3,#83b286
865,1:12:05,#766250,#d4c0a5,#342c1c,#db6a62,#b1a99f
866,1:12:10,#c9af96,#413825,#6e6252,#8e3c3b,#5c5137
867,1:12:15,#435e52,#6faaac,#1a1e24,#5a9c92,#858273
868,1:12:20,#0e5f6e,#3c948b,#8ec4a4,#62baa0,#3999b7
869,1:12:25,#c9af95,#423926,#6e6352,#8d3d3c,#5b5037
870,1:12:30,#155a69,#9e4d4f,#86b7b5,#373120,#5ba3b4
871,1:12:35,#53aabe,#dbd8cd,#92c4c7,#547856,#395f76
872,1:12:40,#383128,#d07a6c,#5aaaa8,#81705c,#79898d
873,1:12:45,#0e5b7a,#d7d3bd,#53bfdc,#20312c,#5eb6b6
874,1:12:50,#45675c,#bbd8c3,#7aadb1,#1d2223,#9fae9e
875,1:12:55,#70aaa3,#4b392e,#d2c2b5,#5a5640,#188684
876,1:13:00,#795f4e,#cfc1ac,#31291c,#dd8e78,#c1b3a4
877,1:13:05,#18707c,#c0c9c0,#6cbbc5,#79c1a0,#2c432b
878,1:13:10,#50a3b1,#c6d0c0,#91aa9e,#6e8579,#7bc4c2
879,1:13:15,#d3c7b2,#443a27,#a27160,#8f4541,#776444
880,1:13:20,#795730,#d3cbb7,#382715,#aea18e,#c49464
881,1:13:25,#bca792,#713f36,#343a2d,#57adb2,#6b5f42
882,1:13:30,#78572f,#dcd3c1,#b5ac96,#3a2a17,#aea18d
883,1:13:35,#4e4636,#cfb4a0,#69b3b4,#927360,#80a29e
884,1:13:40,#09546b,#c9d1c1,#4399a5,#75b6bd,#6eabbc
885,1:13:45,#4d4b3d,#c9bdab,#66bdc0,#927165,#62a1a9
886,1:13:50,#2f2925,#b3a895,#6b5f57,#838471,#5c5a7c
887,1:13:55,#6a5d46,#cdae97,#a5bda7,#25221b,#a3a296
888,1:14:00,#453f36,#cecec2,#9da59e,#887f7d,#959b9c
889,1:14:05,#474a35,#c58979,#60babc,#9e4e4b,#809a99
890,1:14:10,#4a4138,#83c2c1,#cbc2ac,#8f8070,#75999b
891,1:14:15,#49483b,#3da5b6,#d4d7ca,#919683,#b2ae9a
892,1:14:20,#86b4ab,#382f24,#cf625b,#7d7a6a,#5f939b
893,1:14:25,#74522c,#392616,#dac9b0,#b3ab96,#aa9a85
894,1:14:30,#4c4138,#d77267,#a74045,#abaca1,#a2948d
895,1:14:35,#89835f,#2b231d,#653026,#dab577,#dedabc
896,1:14:40,#8b7d58,#2c221c,#642f26,#dedabb,#dcb879
897,1:14:45,#4b3426,#d4b17e,#9c734a,#a0b08f,#9789a7
898,1:14:50,#3a2a21,#cda770,#937751,#99a08a,#84829a
899,1:14:55,#d4b58a,#31241f,#927758,#a1966f,#958b88
900,1:15:00,#948870,#322621,#70352f,#d8b381,#624f2c
901,1:15:05,#3f2620,#d5b695,#a39b7a,#997254,#8d8286
902,1:15:10,#432a23,#a49c7c,#d9bd99,#a07558,#92888f
903,1:15:15,#8c6149,#2d201b,#d9c69a,#da7660,#a98faf
904,1:15:20,#7a452b,#d6b591,#e06564,#322415,#b08d93
905,1:15:25,#ae9c79,#3c2f28,#793329,#ddd7b5,#8f6f2d
906,1:15:30,#291d17,#c8a56e,#bb3940,#93906d,#7f7284
907,1:15:35,#85654b,#221b18,#deca9c,#e1886b,#b4afa5
908,1:15:40,#3e2d24,#dfa37f,#a67e5d,#b9a57e,#9c958e
909,1:15:45,#7a442b,#e39f68,#1a1412,#b8aa83,#a69986
910,1:15:50,#7a442b,#e39f69,#1a1511,#b8a980,#a99986
911,1:15:55,#9c8a6b,#382c28,#623934,#dac397,#d3b2b7
912,1:16:00,#332520,#d0b180,#8b6c4b,#9d9e7c,#908a92
913,1:16:05,#484235,#dab892,#a38b62,#8eb593,#939bae
914,1:16:10,#30241c,#d3a887,#94aa8e,#845637,#959084
915,1:16:15,#2c1e19,#cbaa8a,#95a68d,#8c5a37,#766887
916,1:16:20,#36261d,#d2b097,#88522f,#90b18f,#907a84
917,1:16:25,#1e1310,#bb735a,#714025,#878f62,#8c7c84
918,1:16:30,#2c221b,#c6a75f,#8f784e,#9a9c86,#8988a0
919,1:16:35,#2c211a,#c3a351,#8e7142,#9f9760,#9a8a8c
920,1:16:40,#4e4a3a,#bba28b,#9c866f,#a69e85,#93918d
921,1:16:45,#977c67,#392d25,#5e3632,#e29c85,#dcc0ad
922,1:16:50,#978269,#372f24,#625645,#563a2e,#56492b
923,1:16:55,#334943,#c27e6e,#41837d,#21929e,#60b0b8
924,1:17:00,#b18870,#2c271d,#504833,#e3c3a2,#acacac
925,1:17:05,#825750,#1f6061,#e06464,#d4b292,#bba4a4
926,1:17:10,#b49778,#433525,#8d3339,#695d44,#625032
927,1:17:15,#215a5c,#c4a58c,#907b66,#1e9ca6,#a9ad99
928,1:17:20,#8c7e64,#2e2a1e,#543d29,#523b35,#c7b191
929,1:17:25,#8c7f64,#2e2a1e,#51382e,#55462b,#c8b597
930,1:17:30,#307b82,#c2b29d,#352e27,#76bdc1,#32333c
931,1:17:35,#45a7b3,#322524,#76453b,#9e6454,#578387
932,1:17:40,#aea393,#0c3b46,#4f3b33,#5d5e56,#554c33
933,1:17:45,#ab8b71,#4c2e2a,#504636,#e7dcc4,#d0ccac
934,1:17:50,#bda283,#3d3126,#9e3c40,#ce6160,#664f39
935,1:17:55,#31494f,#d1b78e,#8a7b5f,#9c9c88,#9c60a0
936,1:18:00,#b19676,#443630,#7e6c4f,#64493a,#695533
937,1:18:05,#3d2c26,#238fa9,#a58963,#349cac,#756f4d
938,1:18:10,#3b3534,#5eb6bd,#d2cdbb,#55a9b5,#758173
939,1:18:15,#3a3a2f,#998b73,#6a6958,#7f7c6b,#76736c
940,1:18:20,#424137,#706f5d,#a77368,#787b74,#818574
941,1:18:25,#3b3b2a,#baa085,#797b59,#908d76,#86827d
942,1:18:30,#494a3d,#ab645e,#7a6f64,#888c84,#848484
943,1:18:35,#606564,#b5c2b3,#261d19,#99b394,#829aa4
944,1:18:40,#6b533f,#b4b4a9,#8489a0,#232322,#cc8165
945,1:18:45,#6c8d56,#442323,#c59e67,#97aead,#285535
946,1:18:50,#719c9b,#e1c763,#297ea5,#4c3040,#8e7439
947,1:18:55,#6d654e,#cf9976,#a2b88c,#262f23,#7c94af
948,1:19:00,#463631,#ca8254,#93b383,#975b43,#6f889a
949,1:19:05,#463530,#ca7d57,#93b284,#975946,#72899b
950,1:19:10,#4d5233,#d29a77,#a6c079,#9a6d4d,#8793a0
951,1:19:15,#5f543d,#c68969,#5c879d,#89b6a6,#202822
952,1:19:20,#2b1d1a,#b38065,#764437,#8a887c,#887b7c
953,1:19:25,#211815,#adaba0,#706556,#76afa9,#737986
954,1:19:30,#3e2b1d,#d0a886,#864f38,#a09b8b,#968c84
955,1:19:35,#3f2b1d,#d0a786,#8b503b,#9f9c8d,#958b84
956,1:19:40,#4b2a24,#87a07e,#cd9f6c,#966c4d,#667a94
957,1:19:45,#7c8864,#2a3f4f,#97a8b9,#d7ae7a,#67343c
958,1:19:50,#bea677,#2c3e49,#6d7f77,#774132,#ba972c
959,1:19:55,#8e8361,#d4a976,#2c2928,#71332c,#b1c2b4
960,1:20:00,#c4a87b,#253543,#6a7d72,#774138,#b8972d
961,1:20:05,#a08963,#2e2622,#9ec2a8,#72322c,#d7cb60
962,1:20:10,#8b7b5a,#22272d,#cea879,#9dbfa6,#60261f
963,1:20:15,#84917b,#273946,#d4aa7f,#69343a,#685a2b
964,1:20:20,#b89871,#2b3d38,#5c8661,#81333a,#aeb6bf
965,1:20:25,#4b8a9e,#e1c863,#4d3040,#9aae8f,#8b7235
966,1:20:30,#293a44,#a48c6d,#607681,#6a6356,#78916e
967,1:20:35,#393130,#766358,#454b67,#131f29,#3f646b
968,1:20:40,#2f2930,#544932,#74625f,#454b67,#486665
969,1:20:45,#2e2b26,#746555,#5d4f44,#696458,#605c5c
970,1:20:50,#2e2b26,#746555,#5c4e43,#696457,#5e5c5c
971,1:20:55,#2e2c26,#746555,#5c4e43,#6a6457,#5d5c5c
972,1:21:00,#4b4642,#161414,#7c7c79,#646c6c,#67746c
973,1:21:05,#6e5f50,#2a2d23,#42422f,#4a2b32,#3d3523
974,1:21:10,#524a46,#1a1515,#797b79,#908374,#746c74
975,1:21:15,#4e4642,#141212,#827a70,#717975,#636b6c
976,1:21:20,#6a5c4d,#2a2d22,#4a2b32,#7d7d7c,#3c3523
977,1:21:25,#6a5c4c,#2a2d23,#492b32,#7c7d7c,#3c3523
978,1:21:30,#4d4541,#161414,#82796f,#727975,#62696c
979,1:21:35,#4f4641,#151312,#82766b,#717872,#666b6c
980,1:21:40,#393628,#664130,#1a1215,#453e55,#141c0e
981,1:21:45,#2e272d,#546575,#645337,#846d4a,#656953
982,1:21:50,#4d432f,#c6b39b,#6ea589,#97604a,#93928f
983,1:21:55,#3c2c28,#cc8a80,#955c4c,#78a08a,#9e9394
984,1:22:00,#433b2f,#cf9385,#94665a,#73a58c,#9b9a9e
985,1:22:05,#75564f,#cea89f,#211a19,#a4a899,#b79a9c
986,1:22:10,#3f3127,#d2ab8f,#68a383,#8c6d55,#948f8d
987,1:22:15,#3e1d20,#dbaf8c,#7e2836,#8b8378,#7e7374
988,1:22:20,#3e3429,#cba18f,#907661,#8aa08a,#969394
989,1:22:25,#8c5a47,#2e201b,#d5b492,#d47063,#b19495
990,1:22:30,#443227,#ce9181,#8c5f54,#7da18d,#999094
991,1:22:35,#38201f,#dab490,#da444c,#95ae9e,#8f7c7f
992,1:22:40,#473429,#d29484,#869d8a,#935e55,#95878e
993,1:22:45,#36201e,#dbb691,#da434b,#95af9e,#917f84
994,1:22:50,#903d3a,#d85756,#cfa170,#4c2724,#7a8484
995,1:22:55,#755b48,#97c0b9,#d3a088,#242621,#9f9c98
996,1:23:00,#966656,#363343,#df8d75,#d8c892,#ada3b4
997,1:23:05,#3c2221,#bc6260,#904441,#9d8e87,#9a8384
998,1:23:10,#857257,#25292e,#96c4be,#d8b581,#86aeb5
999,1:23:15,#64553f,#caaa94,#6fa789,#1b1e1e,#9f9b94
1000,1:23:20,#321a19,#744443,#b59483,#927c58,#927474
1001,1:23:25,#6e4434,#c2a16f,#271615,#b5745a,#9e878c
1002,1:23:30,#cba08a,#3d302a,#63a486,#956957,#8e948c
1003,1:23:35,#4b4639,#c9a484,#996f56,#9cbaae,#9c9d99
1004,1:23:40,#3e3327,#cea48c,#9c7a6a,#aba694,#a69b94
1005,1:23:45,#8d5149,#363640,#ceb18b,#de6660,#a29cb4
1006,1:23:50,#3e3e3a,#cf9883,#956652,#8aa391,#929494
1007,1:23:55,#816954,#202530,#dca979,#baa47e,#9b97b7
1008,1:24:00,#c9a088,#32312e,#a2967f,#8f7360,#918684
1009,1:24:05,#443837,#c99e84,#94715e,#86a185,#a28c94
1010,1:24:10,#443837,#c99e83,#94715e,#86a185,#9a9094
1011,1:24:15,#332928,#cc9f6d,#886951,#9ba0ae,#968fb0
1012,1:24:20,#322828,#cca272,#886952,#96b87b,#968fae
1013,1:24:25,#d0967c,#2d2922,#65a383,#945a4a,#998f9c
1014,1:24:30,#934c3f,#30171b,#e1ba96,#d65359,#db8da1
1015,1:24:35,#4c3234,#d28e71,#9fa280,#a64e41,#8b918d
1016,1:24:40,#d38b7b,#2b1f1a,#723532,#938c7c,#948484
1017,1:24:45,#3e3631,#cea696,#997b72,#7fa690,#a19b9c
1018,1:24:50,#473a37,#caa498,#a07a6e,#aba99f,#ab9a94
1019,1:24:55,#151210,#241d1b,#272324,#37332f,#2b2c26
1020,1:25:00,#4e494b,#191a19,#818883,#7c736b,#73747c
1021,1:25:05,#161215,#3c1e18,#5a3021,#444140,#3c3234
1022,1:25:10,#161213,#2e1817,#411e1c,#231c18,#1c1424
1023,1:25:15,#4f8d82,#b9c6b2,#8bd1b9,#2f493a,#8bc2c5
1024,1:25:20,#171114,#877f7b,#6b7073,#4d4549,#5e6167
1025,1:25:25,#201717,#81827e,#525456,#766964,#65696d
1026,1:25:30,#211819,#68484f,#573b44,#5a5d55,#565454
1027,1:25:35,#261917,#c56039,#6c2720,#73746e,#66625f
1028,1:25:40,#301c17,#c0a29a,#6e4430,#8c7c7c,#8c8479
1029,1:25:45,#43281e,#d3b394,#875030,#86a995,#918d8e
1030,1:25:50,#9ea59c,#332b23,#77382a,#e1d9cb,#94573b
1031,1:25:55,#3f2b22,#d8b0a1,#97a99d,#93544b,#949394
1032,1:26:00,#302322,#bb5435,#79382d,#787645,#684568
1033,1:26:05,#412a24,#ceb9ab,#825238,#6fac8e,#948a8d
1034,1:26:10,#362723,#b86a5d,#7b493d,#917f85,#938c7d
1035,1:26:15,#cca495,#3c271d,#7c3430,#757e70,#8f522d
1036,1:26:20,#1e1716,#826f63,#4e3028,#5c5c50,#5b5454
1037,1:26:25,#30271f,#c2b09c,#99393e,#c55f5a,#835335
1038,1:26:30,#302521,#c56f53,#7f5446,#918d88,#918186
1039,1:26:35,#442f26,#deb4a2,#93ab9c,#9c5f46,#98918d
1040,1:26:40,#b88a7a,#392720,#e2dbcc,#813737,#a3653a
1041,1:26:45,#4c2d22,#dabfb0,#80aa92,#8f5d4a,#8b888c
1042,1:26:50,#342522,#c28b5e,#785744,#928d77,#928284
1043,1:26:55,#765242,#33281d,#d0ceba,#df6660,#a5aaa4
1044,1:27:00,#45281a,#804325,#1a1412,#695149,#4e4246
1045,1:27:05,#4e301c,#171212,#65565b,#a36d4c,#886442
1046,1:27:10,#3f2619,#966044,#c98d61,#99755a,#6c605c
1047,1:27:15,#46291e,#dd8a76,#a04143,#a5a393,#9c8c84
1048,1:27:20,#40291a,#c75c59,#d3b69a,#8d4743,#9c948c
1049,1:27:25,#35221a,#b67565,#823831,#9a9587,#908484
1050,1:27:30,#3c201a,#c78c74,#9c3d40,#a3a093,#958b84
1051,1:27:35,#41281b,#b48a6e,#835f49,#997f68,#8d7164
1052,1:27:40,#2f1f1e,#bb825e,#72423d,#8d7e88,#8e8c76
1053,1:27:45,#3f2d25,#cf7567,#874e3f,#969c8c,#908b85
1054,1:27:50,#2f1f1e,#ba815f,#713f39,#8b7a7c,#89846a
1055,1:27:55,#432822,#cfa090,#914f35,#86a592,#918b8c
1056,1:28:00,#3f2722,#ce8976,#8b4d33,#62adaf,#558289
1057,1:28:05,#432f25,#d9b298,#94ac9f,#8e543f,#7f8195
1058,1:28:10,#3c2621,#c98a77,#814e3a,#65a5a7,#64848a
1059,1:28:15,#3e3b2c,#d7a481,#946c56,#a8b38d,#aa9aa7
1060,1:28:20,#51322c,#e0bba0,#a0a393,#a6544f,#517594
1061,1:28:25,#3d251f,#cda68b,#7d4f3e,#7da39b,#60848f
1062,1:28:30,#3d2520,#cea48a,#7d4f3f,#829e95,#658185
1063,1:28:35,#2e231a,#b2a79a,#65493b,#7c7c74,#7a7474
1064,1:28:40,#41261e,#b56f6b,#7e4832,#9b8c75,#978484
1065,1:28:45,#2c2219,#c3b0a7,#816d68,#918885,#949489
1066,1:28:50,#2c2119,#c6b5a6,#806f69,#8c8c80,#8c8484
1067,1:28:55,#2c2119,#c5b4a6,#7f6e67,#8c8c80,#8c8484
1068,1:29:00,#453029,#deaf91,#945849,#8bada3,#9889a4
1069,1:29:05,#b97b69,#2a1f19,#774038,#918e82,#8b817c
1070,1:29:10,#422f27,#d59c77,#865338,#94827b,#856e7a
1071,1:29:15,#b97b69,#2a1f19,#78413a,#928e85,#88817c
1072,1:29:20,#463025,#cf9974,#844c32,#95807c,#806f7c
1073,1:29:25,#463025,#d09a74,#834c32,#968077,#816a79
1074,1:29:30,#342823,#c47e55,#714232,#7c5e64,#6d7c42
1075,1:29:35,#47271c,#d5ac89,#985d50,#a0a384,#5d768f
1076,1:29:40,#321f1a,#cdbaad,#8e7e7c,#755a51,#938c80
1077,1:29:45,#35241a,#623a23,#8a593c,#726454,#6c5c54
1078,1:29:50,#3a281f,#d38672,#8d443c,#989585,#9c8c84
1079,1:29:55,#613523,#dc8373,#1e130f,#988684,#a8a796
1080,1:30:00,#35251e,#d18272,#80523c,#9c9f88,#9b8c8c
1081,1:30:05,#583020,#db8676,#944e33,#aaa392,#988584
1082,1:30:10,#cf947d,#2f221b,#7f9562,#875850,#968384
1083,1:30:15,#d08f7b,#2f211b,#7f534b,#938484,#938c83
1084,1:30:20,#573020,#db8575,#954d34,#988584,#a9a896
1085,1:30:25,#2e221e,#c0865b,#775240,#8c7d68,#807075
1086,1:30:30,#352a26,#dca279,#8d6a56,#9e8d75,#766884
1087,1:30:35,#56392d,#dd9177,#1f1412,#aaa391,#9b8685
1088,1:30:40,#4d3429,#de8e76,#9a534b,#aaa897,#a39190
1089,1:30:45,#45362d,#e0a277,#83625c,#9b868a,#7e6a7a
1090,1:30:50,#45352d,#e0a277,#83615d,#9c8a92,#806b78
1091,1:30:55,#4e2d20,#dd927e,#914a3c,#a5a99b,#a7938d
1092,1:31:00,#4a2d24,#d49b81,#925341,#a0a291,#567591
1093,1:31:05,#be7f71,#2a1d19,#82453f,#9ba08f,#4a7092
1094,1:31:10,#452b25,#d88771,#884c31,#a49486,#948c8c
1095,1:31:15,#6d4f34,#d09158,#231c18,#a6b06a,#828a9e
1096,1:31:20,#716434,#d39756,#a1b64e,#221a12,#8092ae
1097,1:31:25,#453124,#d09c78,#966243,#948298,#98a27d
1098,1:31:30,#724d3f,#deab73,#1e1718,#939cb2,#a7a06e
1099,1:31:35,#482d1f,#cd9d62,#9ea36b,#946945,#8b8f8c
1100,1:31:40,#481e19,#8c211e,#1f1413,#594d26,#73181d
1101,1:31:45,#b6834d,#29231b,#534731,#ddc67e,#a6a7a4
1102,1:31:50,#47271c,#c78e4b,#8a442d,#9b947c,#96877d
1103,1:31:55,#442c22,#ce9b61,#926344,#797d7d,#a49d8c
1104,1:32:00,#412926,#d1a97a,#906345,#9e9580,#5b6b85
1105,1:32:05,#37342d,#d9a680,#9a765c,#a39eac,#968e95
1106,1:32:10,#413321,#d2a37a,#99714f,#a4a175,#9c8f8c
1107,1:32:15,#413424,#d9a881,#9f7450,#ada675,#9e908c
1108,1:32:20,#78593c,#1c2020,#d19f61,#7c7b87,#aca494
1109,1:32:25,#716238,#d5a175,#1f2323,#a5b537,#9f99b6
1110,1:32:30,#8f6e53,#252427,#d5bd95,#dea77c,#9f9bba
1111,1:32:35,#4a3824,#cca15c,#9d6437,#a1a44c,#a58585
1112,1:32:40,#3d2e1f,#caa255,#966436,#9ba448,#a3898c
1113,1:32:45,#866b3e,#2a261b,#d49475,#a9af58,#ae9d8e
1114,1:32:50,#261c18,#bf9c7f,#865d49,#9c997c,#8e8585
1115,1:32:55,#241b17,#bea37f,#805f47,#929a7e,#86817f
1116,1:33:00,#211816,#b5a282,#735848,#848868,#87757c
1117,1:33:05,#3c2d1f,#caa352,#976235,#99a545,#a38a8c
1118,1:33:10,#38291e,#caa450,#926134,#9aa546,#a08886
1119,1:33:15,#81683b,#2f2e20,#de6c60,#dcb88e,#bca89f
1120,1:33:20,#81683b,#2f2e1f,#de6b5f,#ddb98f,#c4a699
1121,1:33:25,#454527,#d49573,#8d723f,#95af3c,#9b978f
1122,1:33:30,#261816,#ba8771,#6e4837,#868e6a,#867884
1123,1:33:35,#362c1d,#c89c56,#935834,#95a045,#9b797e
1124,1:33:40,#1d1212,#a5514c,#6c3b2d,#808a36,#837974
1125,1:33:45,#1e1413,#c29476,#764334,#858c54,#8c7484
1126,1:33:50,#deaf71,#312520,#8c5434,#949a92,#948c8c
1127,1:33:55,#201414,#c39588,#733d38,#8b747c,#888570
1128,1:34:00,#82693f,#2f3121,#d0b884,#dd6e62,#cbaa9d
1129,1:34:05,#3e361f,#ca9959,#9bb03b,#a06b3b,#a3978d
1130,1:34:10,#6f5d34,#d59775,#24231b,#98a642,#aa978e
1131,1:34:15,#231815,#b66354,#79473a,#8f8f71,#86817c
1132,1:34:20,#7d633e,#cfa774,#261d17,#afa86c,#a99985
1133,1:34:25,#231918,#ae7d58,#784b3e,#838f6d,#787d84
1134,1:34:30,#29201c,#c3a376,#7a5440,#879553,#847284
1135,1:34:35,#4f3024,#bbaa85,#8f673a,#a29c69,#928980
1136,1:34:40,#4f3b29,#c4753f,#c8bc7b,#9d6f42,#879298
1137,1:34:45,#a88054,#3a3431,#d2cbac,#6c372b,#eccc74
1138,1:34:50,#a28342,#312e31,#742d27,#d8cead,#e9cf7c
1139,1:34:55,#fbeecf,#ae4631,#5e3b22,#f59d76,#efab97
1140,1:35:00,#614924,#c39142,#dcc78f,#a88e3e,#a8a595
1141,1:35:05,#48261f,#cc9e4e,#9e5730,#a99864,#a48c8c
1142,1:35:10,#3d251d,#cca950,#8f4f2f,#9e9b52,#9a8187
1143,1:35:15,#331d17,#c6aa58,#ab522f,#83662f,#8d7e7c
1144,1:35:20,#452a21,#cb9974,#9ba266,#9c6249,#ac948c
1145,1:35:25,#3e2c20,#c49d65,#917885,#937258,#9b9c89
1146,1:35:30,#311e19,#d87d6f,#7e6248,#9a988a,#9c8484
1147,1:35:35,#2e221b,#6c482f,#b38770,#948c7c,#94847c
1148,1:35:40,#271e1a,#bca28a,#766453,#8aa595,#7f8291
1149,1:35:45,#251d18,#6b644f,#afa596,#8b846a,#867c74
1150,1:35:50,#5a432d,#dbbe9b,#90b492,#a071af,#1d1910
1151,1:35:55,#241d18,#ada090,#6c604a,#8b837c,#8c8c84
1152,1:36:00,#312b21,#b3af95,#7c7259,#8f9f8c,#85897d
1153,1:36:05,#3a3529,#a79878,#716242,#84845e,#847c74
1154,1:36:10,#393529,#a7997a,#706142,#848463,#847c74
1155,1:36:15,#52735f,#c58a7a,#73cc98,#2b2920,#7eb3ac
1156,1:36:20,#362d26,#ad9176,#c4ae96,#8d7863,#9a928c
1157,1:36:25,#2a94ab,#aba08d,#48483e,#7b8d85,#314a5e
1158,1:36:30,#362e29,#baa38e,#907b68,#a39c8f,#9e938c
1159,1:36:35,#2c9bb4,#c3a58e,#362118,#748749,#90d4dc
1160,1:36:40,#80736a,#d5c3b3,#231b1b,#b8aba4,#bbb4a6
1161,1:36:45,#645b4d,#c7ada3,#8bbabc,#1e3337,#629fae
1162,1:36:50,#655c4e,#c7aca3,#8dbabc,#1e3438,#5f9eae
1163,1:36:55,#354947,#cbd4bf,#658f87,#7fb7a6,#739eac
1164,1:37:00,#374747,#c6d1bc,#689087,#83b5a3,#709cad
1165,1:37:05,#445350,#a6c1b8,#7a918c,#78b389,#c0be9d
1166,1:37:10,#438d9f,#b7cbc8,#42423e,#16415b,#8ac8d1
1167,1:37:15,#448d9f,#b8cbc7,#273a47,#665b46,#8ccdd5
1168,1:37:20,#2c6164,#ac967e,#77c2ce,#41a1b3,#312218
1169,1:37:25,#2d666a,#ab947c,#77c1ce,#47a5b7,#33231a
1170,1:37:30,#7fb4c1,#2098b3,#bbdad8,#5f6158,#5a7482
1171,1:37:35,#35667b,#b7cfce,#77bdc8,#54a1c1,#101921
1172,1:37:40,#3c7085,#bbcecc,#81c3cc,#5eabc6,#303735
1173,1:37:45,#3e8ea5,#bed1cd,#364347,#1e4a64,#99d5d7
1174,1:37:50,#3e7a85,#bfaa8b,#343933,#75c5d6,#323b44
1175,1:37:55,#489dad,#ccd5cb,#2d4355,#5d624d,#a0d4d6
1176,1:38:00,#3799af,#cbd7cf,#8bafae,#515747,#1a4c76
1177,1:38:05,#479eb5,#c0d2ce,#192427,#4b5552,#9cd4d1
1178,1:38:10,#4093ab,#cbd4c8,#4d373a,#5e5c49,#9ccdcd
1179,1:38:15,#3296ae,#ccddd0,#9ac1be,#404641,#0f4a62
1180,1:38:20,#2b2e2e,#b3a089,#7e715f,#8ea56e,#928f8c
1181,1:38:25,#2d3134,#c6bca1,#3ca9b3,#7c6e5a,#508f99
1182,1:38:30,#3d3029,#bea46b,#3e9eac,#8e744e,#468594
1183,1:38:35,#2c3230,#b29f86,#8c957a,#7c715d,#8f8b8c
1184,1:38:40,#302a26,#90b0a9,#6b6959,#8a7865,#4b8195
1185,1:38:45,#3b98b5,#5e332f,#bbc0b2,#755645,#8fd4ea
1186,1:38:50,#4099b5,#bdc3b6,#5e332e,#715444,#93d4e4
1187,1:38:55,#352d25,#9ab2ab,#776854,#a78669,#4a89a0
1188,1:39:00,#2d261d,#c2bca4,#63a89f,#1a7ea3,#726a53
1189,1:39:05,#2d281e,#bfc5b6,#4ea4b2,#1b7ea2,#746d5c
1190,1:39:10,#271d1e,#a98f75,#16809c,#5c3931,#15698c
1191,1:39:15,#302923,#5ba9b0,#6e6656,#937962,#9c8f78
1192,1:39:20,#6dadb5,#271f1d,#694d47,#8e7965,#5b838d
1193,1:39:25,#4396a9,#c0beaa,#4f2c2a,#7f5d44,#90c5cc
1194,1:39:30,#4794a6,#4a2a28,#bbbdab,#835f47,#87c5cd
1195,1:39:35,#281a1b,#719f9f,#603737,#82675a,#4b6f79
1196,1:39:40,#5f7662,#c8d8be,#9cc2a0,#2b2824,#96b3ac
1197,1:39:45,#6d818c,#d8b99e,#5d5b32,#3c84a3,#444257
1198,1:39:50,#a49e97,#dab496,#5d5c6d,#906f48,#786874
1199,1:39:55,#a49e97,#dab597,#5d5d6e,#76626f,#8d7b5c
1200,1:40:00,#3d2a1e,#cfa16d,#976342,#6e6687,#a58566
1201,1:40:05,#726785,#d69e86,#382c42,#6a493f,#3c3c5b
1202,1:40:10,#746784,#da9f84,#703e25,#312944,#acb4ac
1203,1:40:15,#2f221a,#b89264,#855f3f,#9b9488,#938a84
1204,1:40:20,#c79d70,#2f2a2f,#895940,#998671,#917a74
1205,1:40:25,#584f67,#9999d1,#caa1b0,#8d6d81,#aa95a4
1206,1:40:30,#595068,#9394c8,#bf99a8,#8b6c80,#a4949f
1207,1:40:35,#422a25,#c69b71,#894435,#9fab7b,#636486
1208,1:40:40,#c7a785,#2b1615,#5e2e25,#7f5133,#7b6454
1209,1:40:45,#392e32,#d8cd9f,#873c36,#b17c5f,#535d92
1210,1:40:50,#3d3335,#dab590,#a1ba6c,#835e46,#495490
1211,1:40:55,#202233,#324b7b,#a29470,#62503f,#7c7458
1212,1:41:00,#202234,#324877,#141313,#5d5252,#3c4450
1213,1:41:05,#b3b39b,#211a17,#5e4243,#456d8b,#8e7662
1214,1:41:10,#2f231f,#b09076,#675741,#7c7561,#77656e
1215,1:41:15,#36231d,#b1997c,#7c5c44,#848a7c,#5b6d7d
1216,1:41:20,#36231d,#b29e84,#7b5c44,#838a7c,#61727b
1217,1:41:25,#3e3128,#cba17f,#8a6b55,#8c7e8b,#918476
1218,1:41:30,#39281f,#c7ba9d,#8c9384,#7d6360,#4f7389
1219,1:41:35,#312621,#c89e7c,#6d5950,#887c89,#897c6e
1220,1:41:40,#39291b,#cbc0a5,#93998a,#51778c,#7d6553
1221,1:41:45,#bbb69f,#38281b,#a5896e,#457490,#725d4c
1222,1:41:50,#35231f,#c0ae8d,#748f89,#7b5c4c,#4e7482
1223,1:41:55,#34221e,#bcab8b,#6d8e8a,#6f5043,#4f7785
1224,1:42:00,#4a3526,#e2bf92,#c2765d,#8d8659,#889799
1225,1:42:05,#3e3329,#d4b690,#8e6b4a,#9ca588,#837a99
1226,1:42:10,#434038,#cfa874,#9a714f,#8cb482,#80a1ad
1227,1:42:15,#84634c,#241d1a,#e7dbb1,#e09464,#aaaab1
1228,1:42:20,#413f37,#cca670,#966c4c,#89b37d,#889898
1229,1:42:25,#2c251d,#c9b092,#6f4332,#64acad,#4d7986
1230,1:42:30,#41372c,#d5b994,#947152,#9ca78b,#979590
1231,1:42:35,#30271e,#cebb9c,#80594b,#979a8f,#56778f
1232,1:42:40,#bda989,#241e1b,#5f251f,#8b6a2d,#675e51
1233,1:42:45,#beab8a,#28201c,#67231f,#8f6a2e,#685e4e
1234,1:42:50,#b9a686,#241f1c,#5f241f,#8e6a2d,#665e4f
1235,1:42:55,#ba9c7d,#822324,#431c16,#9e5326,#945150
1236,1:43:00,#bda788,#2b1f19,#653f2b,#6d635c,#9d7736
1237,1:43:05,#bda688,#2b1f19,#68402f,#6d635a,#a27b35
1238,1:43:10,#42342c,#ddaf82,#a36e54,#9ab19c,#887aa7
1239,1:43:15,#e1caa2,#2a1d15,#ada58c,#8e6d4a,#7c7784
1240,1:43:20,#40332a,#d1a578,#9a6a4f,#95a588,#8971a8
1241,1:43:25,#413529,#ccae83,#8c6f4d,#93ab7e,#93938e
1242,1:43:30,#26241a,#6d6538,#b48660,#838b69,#865476
1243,1:43:35,#b59c7e,#251e1e,#692320,#65604c,#8a612b
1244,1:43:40,#c3b296,#2a1e1a,#6e352a,#a86835,#6a6054
1245,1:43:45,#6e684d,#d39c77,#a0b88f,#262f21,#8393b2
1246,1:43:50,#716a4d,#d89d76,#a6c198,#879fb1,#253020
1247,1:43:55,#8c7f66,#373138,#9bb0c0,#e09e75,#612c33
1248,1:44:00,#775946,#dbab7b,#9cb691,#281a17,#6695a3
1249,1:44:05,#7c5f4f,#dbad80,#99ba97,#271d17,#6d9da5
1250,1:44:10,#c1a37b,#2f130f,#742925,#d3732d,#6b5e56
1251,1:44:15,#86775e,#263526,#eda259,#5e2c27,#ebddb5
1252,1:44:20,#b37e53,#e0ca99,#2c2614,#b42e17,#d2baa4
1253,1:44:25,#b6875c,#292e1a,#dcc591,#74361d,#dfcfab
1254,1:44:30,#8e8b70,#33412b,#dbc29e,#613a2e,#7f5630
1255,1:44:35,#8e8469,#323f29,#d9bb8a,#cfd2bf,#50382c
1256,1:44:40,#b79e74,#312f2e,#632b2d,#587055,#b5c0ba
1257,1:44:45,#907e5e,#2e2a22,#663134,#d8b783,#aabcb8
1258,1:44:50,#8f7b5c,#2e2921,#663134,#d9b682,#c8cbb8
1259,1:44:55,#a28b68,#313327,#6f3137,#d2d1b8,#d2cf80
1260,1:45:00,#3c422f,#d4c0a5,#65ab60,#857b66,#649291
1261,1:45:05,#ac8f6f,#2a1b11,#d2c8ba,#53341e,#e1cc87
1262,1:45:10,#3c412e,#d4bfa4,#65ab62,#847a65,#679390
1263,1:45:15,#141f40,#141214,#585237,#3b382d,#444c31
1264,1:45:20,#282c3a,#7a7461,#b7a473,#949c80,#949484
1265,1:45:25,#191a1d,#ceb083,#66543f,#837c72,#28447c
1266,1:45:30,#191a1d,#ccad7f,#675441,#839866,#76777c
1267,1:45:35,#191a1d,#cbac81,#65533e,#2c4374,#7f8568
1268,1:45:40,#15161a,#1d3761,#75726c,#3e4047,#4f5d51
1269,1:45:45,#151720,#1b305b,#7f6553,#423d3c,#5c544c
1270,1:45:50,#131115,#162d52,#13203a,#122c43,#1c1d33
1271,1:45:55,#14141a,#1a335f,#122644,#12344a,#242324
1272,1:46:00,#1b2439,#0f0f10,#868178,#54675b,#1e3a6c
1273,1:46:05,#1b2338,#0f1011,#898385,#566463,#1e386c
1274,1:46:10,#151b22,#737370,#444744,#515d57,#4e5254
1275,1:46:15,#122839,#969c8c,#4c645e,#7a7166,#6a848c
1276,1:46:20,#272d2d,#7a7471,#50484b,#646c5d,#636064
1277,1:46:25,#182128,#827e6e,#536a59,#525047,#445c64
1278,1:46:30,#161e25,#817e70,#536a59,#524c47,#5f5c64
1279,1:46:35,#161e24,#837e6e,#534e4b,#516456,#525c64
1280,1:46:40,#282c2b,#786f65,#625947,#6c746c,#6c6c74
1281,1:46:45,#141418,#18344d,#172532,#554628,#403020
1282,1:46:50,#151b21,#807a6f,#143a5d,#525e54,#43403d
1283,1:46:55,#171c22,#b5a281,#615637,#829a56,#7e777c
1284,1:47:00,#171c22,#c4b396,#5d543a,#819b55,#847c84
1285,1:47:05,#191813,#705021,#a58254,#847c68,#7c7464
1286,1:47:10,#131312,#9f9682,#637b47,#4e4942,#3f515d
1287,1:47:15,#141114,#242f4c,#ddb094,#6c6464,#4c3026
1288,1:47:20,#14161f,#192644,#4d5a77,#6c564e,#513e39
1289,1:47:25,#1b1e26,#735449,#b7a292,#758a90,#667282
1290,1:47:30,#1a1e25,#a49882,#5d4b3e,#727478,#7f847c
1291,1:47:35,#1a1d25,#a49683,#5f5245,#797577,#7e877e
1292,1:47:40,#1b1e2a,#2d475c,#85725c,#4a3f3b,#546054
1293,1:47:45,#2b2a2b,#887a68,#5f5041,#696d63,#58646c
1294,1:47:50,#181b24,#c9b698,#7d9959,#71665e,#7d7174
1295,1:47:55,#3d3125,#b1936e,#866349,#9ab06d,#958a84
1296,1:48:00,#3c2f23,#b69a76,#86634a,#9aac72,#978b84
1297,1:48:05,#372e25,#bea07a,#856349,#9aba6a,#928c86
1298,1:48:10,#241c18,#bb9977,#6d4c37,#365a86,#84906c
1299,1:48:15,#231b18,#ba9676,#6c4b36,#31547c,#848c64
1300,1:48:20,#3d2926,#cfb58d,#907258,#a1a97d,#998684
1301,1:48:25,#dba87d,#433429,#a36f53,#78ca44,#878d9e
1302,1:48:30,#332821,#d1c197,#7b6349,#90a06b,#9c8c8c
1303,1:48:35,#362a21,#ccb8a2,#7e634c,#9c928c,#98a07e
1304,1:48:40,#ceae84,#322021,#8a6b52,#9abe6f,#7a748c
1305,1:48:45,#332821,#d3c29a,#7b6249,#939d73,#98898c
1306,1:48:50,#332821,#d2c199,#7b6349,#8f9e69,#948484
1307,1:48:55,#b79a77,#25242c,#512b24,#685651,#94742d
1308,1:49:00,#b79b79,#26252d,#562c25,#685752,#96762d
1309,1:49:05,#332821,#d2c299,#7b6349,#90a06a,#948c8c
1310,1:49:10,#372828,#d1b38a,#9dba7a,#8c6e55,#858196
1311,1:49:15,#bca57c,#222126,#583529,#9b7936,#6b714a
1312,1:49:20,#bda57d,#21222a,#5a352a,#a78136,#6c6d51
1313,1:49:25,#50372d,#caa976,#9d7653,#9d9d74,#a69494
1314,1:49:30,#2e211d,#d9bc8f,#916041,#a7a888,#988e93
1315,1:49:35,#2f211e,#d7ba8e,#905f41,#a5a788,#968e94
1316,1:49:40,#2e211d,#d8bc90,#926142,#a7a78a,#9a8e96
1317,1:49:45,#2e211d,#d8bc8f,#926041,#a7a888,#938a95
1318,1:49:50,#d1ad81,#2b1c1a,#85513d,#768f50,#8c8484
1319,1:49:55,#cfad81,#2d1d1a,#834f3c,#768e50,#90847c
1320,1:50:00,#2e211d,#d9bd90,#916041,#a7a888,#948c98
1321,1:50:05,#d0ac81,#2c1c19,#84513d,#768f50,#948484
1322,1:50:10,#cfac81,#2c1c1a,#844f3c,#779051,#92847c
1323,1:50:15,#3b2521,#d6bd97,#894f3c,#a1c368,#8c8c8c
1324,1:50:20,#181c25,#0f3f5f,#74a2ba,#734b30,#407484
1325,1:50:25,#50382d,#caa977,#9d7754,#a09e74,#a69494
1326,1:50:30,#312120,#c39f77,#845843,#86a763,#957198
1327,1:50:35,#48352a,#82674f,#d6caaa,#a0bc69,#9d9185
1328,1:50:40,#362823,#d3b188,#996246,#a5a179,#79879b
1329,1:50:45,#3b2d28,#ddc39d,#88694f,#a2c964,#948c8c
1330,1:50:50,#382b26,#dbc39d,#84664d,#a3c964,#808284
1331,1:50:55,#cda77e,#202028,#8a7057,#6dd282,#83859f
1332,1:51:00,#3c2222,#c98f6e,#7f3d3d,#9c7c63,#885480
1333,1:51:05,#382b25,#d9bb95,#84664d,#a3ca64,#9c948c
1334,1:51:10,#896b56,#242a36,#e0ae7d,#bbb6c0,#572d1f
1335,1:51:15,#3b2e27,#d7b892,#a3ca63,#88694f,#9c948c
1336,1:51:20,#392d26,#ceb18e,#876c50,#a2c568,#a0948c
1337,1:51:25,#3f322f,#cba376,#8e6a51,#9daf6f,#8e8da0
1338,1:51:30,#413331,#cca072,#8e6c52,#9daa83,#9d99b8
1339,1:51:35,#5d4431,#1c1614,#bea68f,#86a155,#8f837c
1340,1:51:40,#21282b,#aeafa9,#666966,#7f8184,#729286
1341,1:51:45,#21292b,#b1aea5,#645f58,#74987e,#7d8084
1342,1:51:50,#223e43,#b8ab99,#787a74,#8bab5f,#8a9396
1343,1:51:55,#2c3032,#c2aa81,#7d694d,#909482,#7f7d94
1344,1:52:00,#202c31,#b0a999,#12586f,#799b78,#3c7c94
1345,1:52:05,#183641,#afa897,#6c685a,#779b79,#667f8c
1346,1:52:10,#1e1e21,#bba98b,#776f5a,#848477,#807b88
1347,1:52:15,#1e1e21,#b8a589,#776f5d,#858284,#8b8d92
1348,1:52:20,#315b61,#a5aaa4,#202424,#8fa09e,#8894a4
1349,1:52:25,#1a3d4c,#948d75,#73745e,#619070,#557f90
1350,1:52:30,#1a3c49,#968d74,#727660,#659d87,#587d90
1351,1:52:35,#1d3d4a,#9d967c,#737660,#679a83,#678092
1352,1:52:40,#20505d,#a89e90,#89796d,#222121,#9c8c9c
1353,1:52:45,#2f3f3e,#377273,#a4a7a3,#7a9e93,#828b94
1354,1:52:50,#22383c,#5f4c39,#9a7667,#116984,#7c848c
1355,1:52:55,#38788b,#c1dbd3,#90c7c7,#1a333f,#7dbbcc
1356,1:53:00,#488797,#172938,#13354c,#0f465e,#8db8ba
1357,1:53:05,#367284,#9eaaab,#2a2f2f,#b2d5cf,#78b5c9
1358,1:53:10,#455e69,#a3b1b3,#a19d8f,#1a1f26,#96a4b4
1359,1:53:15,#5e7478,#b39c86,#2d252a,#c2d8d4,#a4b4bc
1360,1:53:20,#426364,#bbdacc,#98c0b1,#78a59c,#8ea7a2
1361,1:53:25,#5b7b69,#b5b5a2,#2e392f,#73c4b6,#8cbfa1
1362,1:53:30,#2b6474,#b2c4c1,#7eaca3,#1d2b2f,#70a2b4
1363,1:53:35,#182c3a,#789089,#abbebb,#8e7b6f,#5f747c
1364,1:53:40,#152330,#9f9493,#5e595e,#74747c,#6c6c74
1365,1:53:45,#344857,#a0b6ac,#908375,#1d1e21,#8793a4
1366,1:53:50,#406961,#bfad92,#6fa57f,#242022,#799994
1367,1:53:55,#314b60,#adc4c8,#6b9d8f,#858c93,#0f181d
1368,1:54:00,#233f57,#afc5cc,#8797a7,#708697,#92a8ad
1369,1:54:05,#1c5f78,#a2c4bd,#7cb0b0,#57a2bd,#182f31
1370,1:54:10,#175c76,#9bbdb5,#80ada9,#76b1c2,#192b28
1371,1:54:15,#183044,#a7a193,#789086,#528398,#5b7176
1372,1:54:20,#9fa091,#124a60,#1d2b25,#536469,#4b4d37
1373,1:54:25,#9e9f8a,#1b2e35,#443937,#547463,#4e583a
1374,1:54:30,#a09e8f,#1e2b2a,#443735,#577162,#524d39
1375,1:54:35,#a99f89,#173f4c,#616864,#63453c,#556d39
1376,1:54:40,#345b66,#c1aa94,#7ca56f,#272321,#448cac
1377,1:54:45,#1d627c,#8eb5af,#929792,#a4bec1,#1f272d
1378,1:54:50,#1a314f,#b1dacd,#6c8cab,#55778c,#808078
1379,1:54:55,#1f5e79,#80aaab,#69a4a6,#2e4542,#6698b7
1380,1:55:00,#39808a,#a0b8b0,#38362b,#633b4a,#8abbbc
1381,1:55:05,#257987,#94b5b0,#72aca8,#324141,#3c4454
1382,1:55:10,#898060,#6a2627,#2f3b27,#da8971,#cebfb5
1383,1:55:15,#5a4f3c,#d5927c,#96ac79,#a77062,#a39690
1384,1:55:20,#7c705e,#b3ac8d,#243138,#bea788,#9b999b
1385,1:55:25,#6d9692,#c78c7f,#3a2327,#5d6438,#a8ccc2
1386,1:55:30,#aa8a66,#44382a,#5f4f40,#d0cebb,#573a26
1387,1:55:35,#745346,#d18271,#262524,#9aa96d,#93888f
1388,1:55:40,#d1a08b,#3ba0b1,#452728,#806243,#78e0a2
1389,1:55:45,#d19f8b,#329fb2,#3f2728,#96a59c,#7e6144
1390,1:55:50,#6e5e45,#d9b29c,#40a2b2,#a1c4a7,#25251c
1391,1:55:55,#cdac89,#2a2f33,#912b34,#628178,#727134
1392,1:56:00,#ccac8b,#2d3232,#9a2a36,#677a6f,#766734
1393,1:56:05,#cda689,#323f34,#ac2a38,#65776b,#707435
1394,1:56:10,#ab8769,#243547,#712725,#d3cac0,#dcd08c
1395,1:56:15,#d4b697,#4ea0b2,#337483,#ac3840,#7d644a
1396,1:56:20,#a78466,#213243,#ddae82,#7f2a25,#cfc9c0
1397,1:56:25,#745845,#d5807c,#92b9a5,#28291c,#489dae
1398,1:56:30,#765b4d,#d98369,#313926,#cbc4ad,#bcada9
1399,1:56:35,#439bb0,#cea08a,#512228,#9ca297,#516241
1400,1:56:40,#449cb0,#ce9e88,#4d2329,#9c9f95,#516241
1401,1:56:45,#459fb3,#cc9c86,#502329,#9ca399,#546341
1402,1:56:50,#9f896c,#2b3b4d,#d6cab7,#d7bc98,#573924
1403,1:56:55,#9e8769,#2b3b4d,#d2c6b0,#573925,#c8c884
1404,1:57:00,#927e69,#3e2a1f,#593930,#ccb8a0,#57442c
1405,1:57:05,#4894a5,#c8b594,#40262f,#756f46,#9bcc7e
1406,1:57:10,#97816e,#38332b,#5c3934,#bab6b0,#5d4b2e
1407,1:57:15,#d1c7ad,#4aa3b4,#3d3321,#6f7a45,#466465
1408,1:57:20,#cbc4ac,#4ba4b3,#403723,#717545,#656761
1409,1:57:25,#bb9978,#28394e,#6d3527,#6b5b53,#906d2e
1410,1:57:30,#b69374,#283a4f,#6b3525,#e3daaf,#93712e
1411,1:57:35,#8b8069,#373227,#dfcfa7,#7f3536,#60502e
1412,1:57:40,#3e3426,#d2b896,#937a61,#a3a489,#9c9994
1413,1:57:45,#b69575,#2c3e51,#5a3b25,#665d4b,#ddd2be
1414,1:57:50,#b69575,#2c3e51,#5a3a25,#665e4a,#d4cabd
1415,1:57:55,#b59771,#403d2d,#732a2b,#afc8bf,#6b6249
1416,1:58:00,#504834,#d0a987,#9bad82,#218099,#9d705b
1417,1:58:05,#73a07c,#c0cdc6,#4f6f2c,#208e9d,#375242
1418,1:58:10,#72996c,#cdd2c7,#85bdc2,#3d402c,#1f8e9c
1419,1:58:15,#d6cfb7,#379ab4,#3e3826,#96b198,#56653d
1420,1:58:20,#419db4,#d8cdb9,#454d34,#22271c,#9accd5
1421,1:58:25,#c1bea7,#187e8b,#4d4631,#6a7b47,#608c84
1422,1:58:30,#2c929f,#dcd1bb,#3e3826,#56633e,#aaaa91
1423,1:58:35,#2892a1,#dfd4bd,#3c3525,#aaa698,#545a3d
1424,1:58:40,#78796a,#363729,#4c5131,#443b2f,#bcb7ad
1425,1:58:45,#1994ab,#ccd2c9,#599a3d,#8fb0a2,#435155
1426,1:58:50,#1794aa,#c6cec6,#609739,#7ba286,#324a54
1427,1:58:55,#403a21,#789e39,#b59c58,#7d613c,#8a7a7d
1428,1:59:00,#868d4d,#252d18,#c69f86,#c8b1a2,#4e3c28
1429,1:59:05,#61934c,#c6b499,#6caeb6,#343a22,#93cc5f
1430,1:59:10,#64994c,#c0b695,#60b3bc,#2e4024,#295f38
1431,1:59:15,#64994c,#c0b696,#60b3bc,#2e4024,#295f37
1432,1:59:20,#61aab0,#d1c8b6,#3b3522,#44753d,#2395ac
1433,1:59:25,#50a3ae,#c6bea1,#3b3824,#4d7c3e,#9fd48d
1434,1:59:30,#a88a6a,#1d1c14,#5f6740,#616e26,#4d3825
1435,1:59:35,#1f1d18,#675d47,#4a412f,#53554f,#514b4c
1436,1:59:40,#190f0f,#65584d,#53545b,#4d3235,#4a4b57
1437,1:59:45,#1f1519,#a3aa6c,#5d5043,#759051,#6b6971
1438,1:59:50,#140f0e,#665a4e,#45272d,#515a46,#4e4c4c
1439,1:59:55,#373c1f,#beada1,#8f8a5c,#90a763,#93949d
1440,2:00:00,#343f25,#8ca663,#c0b89f,#77834a,#898c95
1441,2:00:05,#353e26,#c2b894,#91aa70,#79854b,#8a8f96
1442,2:00:10,#647832,#b9a781,#1a180f,#c3d286,#9c997f
1443,2:00:15,#353920,#d6c499,#95a370,#79804d,#949085
1444,2:00:20,#373921,#cdb084,#95a478,#78804b,#948e81
1445,2:00:25,#343720,#d3b288,#96a47d,#7a7e4b,#99918c
1446,2:00:30,#1e2a16,#8dae52,#50702f,#858451,#628a6c
1447,2:00:35,#1a2514,#b5cc74,#78a245,#5e783f,#7e8a74
1448,2:00:40,#1a2012,#aeae70,#718b41,#5e6935,#7c7c74
1449,2:00:45,#040404,#080404,#080404,#080404,#080404
1450,2:00:50,#2f1516,#af846a,#74493b,#948c89,#94848c
1451,2:00:55,#2f1516,#bc9983,#744a3d,#948c86,#94848c
1452,2:01:00,#2f1517,#c1a28f,#754a3e,#948c87,#918284
1453,2:01:05,#c2927e,#341b1e,#8e675a,#a3957e,#9c8c8c
1454,2:01:10,#c79987,#331b1d,#8e675b,#a39580,#a48c94
1455,2:01:15,#cba18e,#371e20,#966e60,#a99882,#a18c94
1456,2:01:20,#525143,#c2aaa5,#938079,#a39b9c,#a4a49a
1457,2:01:25,#5b5a4b,#c5b0ab,#331714,#9ea8a6,#a2b5ad
1458,2:01:30,#7a5b56,#d9b8b3,#2e1113,#b8b8af,#baabac
1459,2:01:35,#7d605a,#311514,#f0e2d9,#c69694,#ceb3b4
1460,2:01:40,#744f4c,#dfc9c1,#2c1112,#b0afa7,#a9a3a4
1461,2:01:45,#421f20,#d5b6ac,#8c594d,#9e966b,#8d8794
1462,2:01:50,#452222,#dfc8bf,#935f52,#a4987c,#928895
1463,2:01:55,#462126,#e2cfcc,#8a625e,#a29691,#a18c9c
1464,2:02:00,#462026,#dfcbc7,#8a5f5b,#a29690,#a18c9e
1465,2:02:05,#472127,#dec9c6,#895f5b,#a19691,#9c8a9c
1466,2:02:10,#39202b,#c5a39f,#8a5b5b,#999592,#8d8894
1467,2:02:15,#391f2a,#c09c98,#8d5b5a,#9a9594,#928a94
1468,2:02:20,#291319,#dac7c4,#6b3e41,#8b7284,#8c8c84
1469,2:02:25,#2b151a,#e0d2cf,#714548,#938c85,#937f8c
1470,2:02:30,#33171c,#e2d5d1,#765a5a,#948c84,#94848c
1471,2:02:35,#2e1419,#dfcecb,#714646,#948c85,#94848d
1472,2:02:40,#2e1419,#dccbc6,#724545,#948c87,#94848c
1473,2:02:45,#441f21,#e9d9d3,#825748,#a2968f,#9c8c94
1474,2:02:50,#442021,#e6d6d2,#825749,#a29690,#9e8c94
1475,2:02:55,#3b1a22,#d9c3c1,#7f5659,#9a8d8a,#96828c
1476,2:03:00,#3c1a22,#d7c1bf,#80565a,#9a8d8b,#9c8494
1477,2:03:05,#2c1518,#c3aa9d,#806b5a,#958f73,#9b848c
1478,2:03:10,#2c1619,#c7b1a6,#806b59,#958f72,#97848c
1479,2:03:15,#2c1619,#cbb6ab,#806b5a,#968f73,#9a848c
1480,2:03:20,#6a523b,#e5d5c8,#250f0c,#af9d9e,#b3aca2
1481,2:03:25,#6a523b,#e4d4c7,#260f0c,#b09d9d,#b3aca1
1482,2:03:30,#6e5252,#eddfd9,#2c1415,#bcb4ab,#bcacb4
1483,2:03:35,#6f5353,#ecddd9,#2d1416,#bba8ac,#bbb4a9
1484,2:03:40,#6f5353,#edded9,#2b1415,#bcb4aa,#bcacb4
1485,2:03:45,#6e5353,#ecddd8,#2c1516,#bba8ac,#bcb4ac
1486,2:03:50,#394e43,#c0b6a9,#8e847a,#a3ada4,#9ca4ac
1487,2:03:55,#3f5247,#beb4a7,#928a80,#9aa1a4,#9caca9
1488,2:04:00,#394e43,#c0b6aa,#8e847a,#a2aea8,#a0a4ac
1489,2:04:05,#405347,#b7ac9f,#92897f,#9caeae,#94a4ac
1490,2:04:10,#3f5248,#bcb4a5,#aa9b90,#92897f,#a2a4ac
1491,2:04:15,#3f5247,#bdb4a6,#a99b8f,#92887f,#a3a2a4
1492,2:04:20,#705056,#a8898a,#f4e4db,#bc9398,#b3959c
